M,n_modes,gamma,field,seed,sum_T,sum_absT,sum_A,r_cons,Pi_half,A_half,D_a,shell_n,shell_A,shell_absT,shell_sumT,D_b1,D_b2,secs
2,32,0.000000,random,1,4.8572257327e-16,2.9012209848e1,8.9789163129e1,1.674e-17,2.5522855342e0,7.7411243653e1,3.033017e1,26,7.7411243653e1,2.3319901296e1,2.5522855342e0,3.319536e0,3.033017e1,0.00
2,32,0.000000,random,2,-4.4408920985e-16,3.9590284701e1,9.8891009507e1,1.122e-17,-1.5472848281e0,8.1168526268e1,5.245868e1,26,8.1168526268e1,3.0702000883e1,-1.5472848281e0,2.643754e0,5.245868e1,0.00
2,32,0.000000,random,3,1.3045120539e-15,3.8937462257e1,1.1111258497e2,3.350e-17,3.3235289570e-1,9.2915029361e1,2.795674e2,26,9.2915029361e1,3.4546069889e1,3.3235289570e-1,2.689598e0,2.795674e2,0.01
2,32,0.000000,locked_plus,0,-1.1102230246e-16,2.6027594226e0,2.0465327837e2,4.266e-17,-1.1102230246e-16,1.7312850798e2,1.559403e18,26,1.7312850798e2,2.6027594226e0,-1.1102230246e-16,6.651729e1,1.559403e18,0.00
2,32,0.000000,locked_quad,0,-8.8817841970e-16,4.5803992337e1,1.1197151006e2,1.939e-17,-5.2307101433e0,9.1772648602e1,1.754497e1,26,9.1772648602e1,3.8940289032e1,-5.2307101433e0,2.356753e0,1.754497e1,0.01
2,32,0.000000,arith,0,-3.8857805862e-16,2.7110687256e1,1.1950161731e2,1.433e-17,1.3822822157e0,1.0601397266e2,7.669488e1,26,1.0601397266e2,2.5488767924e1,1.3822822157e0,4.159243e0,7.669488e1,0.01
2,32,1.833333,random,1,2.6367796835e-16,6.4631098944e0,1.4435192181e1,4.080e-17,6.8035794866e-1,9.7992436476e0,1.440307e1,26,9.7992436476e0,3.8949769041e0,6.8035794866e-1,2.515867e0,1.440307e1,0.00
2,32,1.833333,random,2,-3.2612801348e-16,6.3715891601e0,1.7788850279e1,5.118e-17,1.9035557385e-1,1.1245935269e1,5.907857e1,26,1.1245935269e1,3.2761943334e0,1.9035557385e-1,3.432622e0,5.907857e1,0.00
2,32,1.833333,random,3,9.0205620751e-17,8.3676040665e0,2.0053236097e1,1.078e-17,-6.7472152058e-2,1.3175648547e1,1.952754e2,26,1.3175648547e1,5.1453325564e0,-6.7472152058e-2,2.560699e0,1.952754e2,0.00
2,32,1.833333,locked_plus,0,1.8735013541e-16,4.8955009717e-1,3.5059492078e1,3.827e-16,2.7755575616e-16,2.4367474564e1,8.779308e16,26,2.4367474564e1,4.8955009717e-1,2.7755575616e-16,4.977524e1,8.779308e16,0.00
2,32,1.833333,locked_quad,0,-3.3306690739e-16,7.5129311030e0,2.0622586453e1,4.433e-17,-1.3483998183e0,1.3032399698e1,9.665086e0,26,1.3032399698e1,4.8975479863e0,-1.3483998183e0,2.661005e0,9.665086e0,0.01
2,32,1.833333,arith,0,1.8041124150e-16,3.2643854614e0,1.8688794018e1,5.527e-17,2.5955353817e-1,1.3950876903e1,5.374952e1,26,1.3950876903e1,2.9783235466e0,2.5955353817e-1,4.684137e0,5.374952e1,0.01
3,122,0.000000,random,1,2.6645352591e-15,3.1313427985e2,2.2432983449e3,8.509e-18,1.1486288496e0,1.9450058760e3,1.693328e3,90,1.6851875865e3,2.5013651824e2,1.4140813739e-2,6.737071e0,1.191719e5,0.01
3,122,0.000000,random,2,-1.7763568394e-14,3.2233037975e2,2.2847657175e3,5.511e-17,1.0565589987e1,1.9973717408e3,1.890450e2,90,1.7284061407e3,2.5214879534e2,8.9088871825e0,6.854707e0,1.940092e2,0.00
3,122,0.000000,random,3,-9.7699626167e-15,3.3897654468e2,2.2793421837e3,2.882e-17,5.5469328540e0,1.9797517696e3,3.569093e2,90,1.7104386564e3,2.7475361391e2,5.2848668615e0,6.225355e0,3.236484e2,0.01
3,122,0.000000,locked_plus,0,2.3314683517e-14,9.8668652114e1,4.8234730413e3,2.363e-16,-6.8833827527e-15,4.2789418465e3,6.216336e17,90,3.7249878936e3,8.4786057298e1,1.9984014443e-15,4.393397e1,1.863984e18,0.01
3,122,0.000000,locked_quad,0,-7.1054273576e-15,8.3124540096e2,2.6199561572e3,8.548e-18,-1.2272792279e-1,2.3019103966e3,1.875621e4,90,1.9916904913e3,6.9335615974e2,-3.2036385542e1,2.872536e0,6.216964e1,0.01
3,122,0.000000,arith,0,-2.6534330289e-14,9.7968684851e2,3.1751088396e3,2.708e-17,7.5896655974e0,2.8223134749e3,3.718627e2,90,2.4844315835e3,7.5107664428e2,1.3491502427e1,3.307827e0,1.841479e2,0.01
3,122,1.833333,random,1,1.0547118734e-15,7.5977802230e0,5.7854176619e1,1.388e-16,5.1949138087e-1,3.5145485930e1,6.765365e1,90,2.6483532477e1,4.0172589123e0,1.0543102916e0,6.592439e0,2.511930e1,0.00
3,122,1.833333,random,2,-2.6367796835e-16,8.6724026033e0,5.5179901761e1,3.040e-17,6.6338463623e-1,3.5977426811e1,5.423313e1,90,2.6566026649e1,4.3943168572e0,8.2123357031e-1,6.045542e0,3.234893e1,0.01
3,122,1.833333,random,3,4.0245584643e-16,1.0749463549e1,5.7616765734e1,3.744e-17,-5.1213292083e-1,3.5815286881e1,6.993358e1,90,2.6910072758e1,5.2097437717e0,-6.2605808192e-1,5.165335e0,4.298335e1,0.01
3,122,1.833333,locked_plus,0,-2.7755575616e-16,2.1990660471e0,1.1632863162e2,1.262e-16,-2.7755575616e-16,7.5271044394e1,2.711925e17,90,5.5836629990e1,1.6466798389e0,3.0531133177e-16,3.390861e1,1.828842e17,0.01
3,122,1.833333,locked_quad,0,-3.6082248300e-16,1.7868675399e1,7.0821011589e1,2.019e-17,-4.7539784292e-1,4.4368927682e1,9.333010e1,90,3.3522867528e1,9.4105159804e0,-6.5954420441e-1,3.562277e0,5.082732e1,0.00
3,122,1.833333,arith,0,5.5077470362e-17,1.7428052484e1,7.4760075162e1,3.160e-18,1.8257445945e-1,5.0969377703e1,2.791704e2,90,3.8804103056e1,9.3325436956e0,4.0889197277e-1,4.157934e0,9.490062e1,0.01
4,256,0.000000,random,1,7.9936057773e-15,1.4608342801e3,1.3122253240e4,5.472e-18,-6.3168910157e1,1.1758968338e4,1.861512e2,134,6.8330179810e3,8.0667653082e2,-2.8280289038e1,8.470580e0,2.416177e2,0.00
4,256,0.000000,random,2,7.4162898045e-14,1.4293256493e3,1.3249270770e4,5.189e-17,8.6149927453e0,1.1881817567e4,1.379202e3,134,6.8669139737e3,7.2423811270e2,-3.2001117922e1,9.481569e0,2.145836e2,0.00
4,256,0.000000,random,3,1.1546319456e-14,1.4943454239e3,1.3220996163e4,7.727e-18,-2.2347680670e0,1.1841083260e4,5.298574e3,134,6.9453064467e3,7.5722272389e2,-2.1812200104e1,9.172079e0,3.184138e2,0.00
4,256,0.000000,locked_plus,0,7.4162898045e-14,2.7474402749e2,2.7922002445e4,2.699e-16,-4.6629367034e-14,2.5430173085e4,5.453682e17,134,1.5085981944e4,1.6005209606e2,-1.2745360323e-13,9.425670e1,1.183645e17,0.00
4,256,0.000000,locked_quad,0,3.8369307731e-13,5.0961763092e3,1.5208313506e4,7.529e-17,-1.8894078616e1,1.3730059611e4,7.266859e2,134,8.1968262441e3,3.1684784163e3,1.5430545674e2,2.586991e0,5.312078e1,0.00
4,256,0.000000,arith,0,-2.8421709430e-14,5.9345059349e3,1.9413168835e4,4.789e-18,4.3543278139e1,1.7685444572e4,4.061579e2,134,1.0560018872e4,2.9972983397e3,-1.9220186722e1,3.523179e0,5.494233e2,0.00
4,256,1.833333,random,1,-1.5480238619e-15,1.4516782418e1,9.8991409152e1,1.066e-16,-1.4232166129e0,6.3310240329e1,4.448391e1,134,2.3882378592e1,3.5218317025e0,-6.5347392072e-2,6.781238e0,3.654680e2,0.00
4,256,1.833333,random,2,-1.4190038033e-15,1.6861716879e1,1.0351868513e2,8.416e-17,-2.3079515270e-1,6.5262525866e1,2.827725e2,134,2.4259084656e1,3.1182679934e0,-2.7570858296e-1,7.779666e0,8.798814e1,0.00
4,256,1.833333,random,3,6.5160550566e-16,1.4105313076e1,1.0225619923e2,4.620e-17,-2.6361514912e-1,6.4286660824e1,2.438656e2,134,2.4233990922e1,3.1916782082e0,-1.9329140922e-2,7.592868e0,1.253754e3,0.01
4,256,1.833333,locked_plus,0,-2.8410433728e-15,2.5187218448e0,2.0260787166e2,1.128e-15,6.6353172956e-17,1.3220941800e2,1.992511e18,134,5.1135938042e1,1.1845567588e0,-5.3733059668e-16,4.316884e1,9.516662e16,0.01
4,256,1.833333,locked_quad,0,-3.0114799543e-15,2.8596142452e1,1.2443685648e2,1.053e-16,-4.9778526478e-1,8.0454700123e1,1.616253e2,134,3.1254044013e1,9.3695337800e0,2.8138235107e-1,3.335710e0,1.110732e2,0.00
4,256,1.833333,arith,0,-1.1067535777e-15,3.2962855559e1,1.4042153455e2,3.358e-17,6.4658384716e-1,9.6537602254e1,1.493041e2,134,3.8358137048e1,9.1043423707e0,1.6635945612e-2,4.213169e0,2.305738e3,0.02
5,514,0.000000,random,1,-5.5067062021e-14,5.2301192307e3,6.7668124243e4,1.053e-17,1.3958734947e2,5.8677507772e4,4.203641e2,258,3.4076933406e4,2.7065632889e3,6.5079788974e1,1.259048e1,5.236178e2,0.01
5,514,0.000000,random,2,2.0250467969e-13,4.9652821090e3,6.6362032794e4,4.078e-17,2.4310572889e1,5.7391164862e4,2.360749e3,258,3.2890702476e4,2.6654157151e3,3.3832450378e2,1.233980e1,9.721644e1,0.01
5,514,0.000000,random,3,4.7073456244e-14,4.8104329753e3,6.6835424859e4,9.786e-18,1.7249595215e2,5.7952894080e4,3.359667e2,258,3.3312748669e4,2.4993532183e3,8.6304734255e1,1.332855e1,3.859898e2,0.01
5,514,0.000000,locked_plus,0,-1.5372147999e-12,1.0433645536e3,1.4096887798e5,1.473e-15,-1.3951062527e-12,1.2439077040e5,8.916222e16,258,7.2642571952e4,5.7140252165e2,-2.2271073874e-13,1.271303e2,3.261745e17,0.00
5,514,0.000000,locked_quad,0,7.5317529991e-13,2.5714520658e4,7.7094075653e4,2.929e-17,3.1001992886e2,6.7470564359e4,2.176330e2,258,3.9508765242e4,1.5060434857e4,4.9034501903e2,2.623348e0,8.057340e1,0.00
5,514,0.000000,arith,0,-3.4305891461e-13,3.3270080473e4,1.0430460972e5,1.031e-17,-3.2055850555e1,9.2036005917e4,2.871114e3,258,5.4751194429e4,1.5778559124e4,9.3209457273e0,3.469974e0,5.873996e3,0.00
5,514,1.833333,random,1,-8.0708009720e-16,1.8557434287e1,1.6095441330e2,4.349e-17,5.8186392576e-1,8.9027097979e1,1.530033e2,258,3.4292841946e1,3.8023368860e0,8.6872063610e-2,9.018886e0,3.947511e2,0.00
5,514,1.833333,random,2,3.5475095084e-15,2.2464786918e1,1.6293975635e2,1.579e-16,2.3621462465e-2,8.7482771642e1,3.703529e3,258,3.2998490216e1,3.8291286722e0,2.5410197783e-1,8.617754e0,1.298632e2,0.00
5,514,1.833333,random,3,-1.2576745201e-15,1.8997654119e1,1.6631945330e2,6.620e-17,4.8292976319e-1,8.8182794058e1,1.825996e2,258,3.3602696993e1,3.4427713850e0,2.4117856483e-1,9.760363e0,1.393270e2,0.01
5,514,1.833333,locked_plus,0,-1.6074381409e-15,3.0716511422e0,3.2097432807e2,5.233e-16,1.3346528743e-15,1.8135473542e2,1.358816e17,258,7.0117870303e1,1.2436312037e0,3.2157436436e-16,5.638156e1,2.180456e17,0.00
5,514,1.833333,locked_quad,0,-5.3568260938e-15,4.3107595322e1,1.9898065675e2,1.243e-16,4.3839551094e-1,1.1221869849e2,2.559759e2,258,4.3701423528e1,1.2554436670e1,2.1131938858e-1,3.480955e0,2.068027e2,0.01
5,514,1.833333,arith,0,-1.0651202142e-15,5.6715897040e1,2.3740858415e2,1.878e-17,6.4189022889e-2,1.4283038269e2,2.225153e3,258,5.7101802729e1,1.2727876787e1,3.9146877273e-2,4.486357e0,1.458655e3,0.01
6,924,0.000000,random,1,-3.5527136788e-15,1.3387495397e4,2.6347755910e5,2.654e-19,1.7511209398e0,2.3472787475e5,1.340444e5,410,1.1557539670e5,6.1246949608e3,2.4154799472e2,1.887039e1,4.784780e2,0.01
6,924,0.000000,random,2,4.5830006457e-13,1.3959414080e4,2.6351848368e5,3.283e-17,-1.4954360223e2,2.3442785012e5,1.567622e3,410,1.1531981277e5,6.4857458123e3,1.7253303265e2,1.778050e1,6.683927e2,0.01
6,924,0.000000,random,3,-2.0961010705e-13,1.4157300143e4,2.6528718913e5,1.481e-17,-2.9996666691e2,2.3614871925e5,7.872499e2,410,1.1613091868e5,6.8045767735e3,-1.8419363063e2,1.706659e1,6.304828e2,0.01
6,924,0.000000,locked_plus,0,-4.0709657867e-12,3.8041156409e3,5.5856350777e5,1.070e-15,-4.5825565564e-12,5.0539053396e5,1.102857e17,410,2.5365754499e5,2.0382572799e3,-4.6962433942e-12,1.244482e2,5.401286e16,0.01
6,924,0.000000,locked_quad,0,2.2879476091e-11,1.0230927043e5,3.0394541364e5,2.236e-16,1.2828682103e3,2.7344563450e5,2.131518e2,410,1.3739757199e5,5.3761856337e4,2.0222731533e3,2.555670e0,6.794214e1,0.02
6,924,0.000000,arith,0,-7.6116890568e-13,1.3922196768e5,4.2986755753e5,5.467e-18,-9.5031252738e1,3.8720497946e5,4.074501e3,410,1.9840227390e5,5.6734544809e4,5.5339497581e1,3.497028e0,3.585184e3,0.03
6,924,1.833333,random,1,9.2200552748e-16,2.2181826286e1,2.3405162323e2,4.157e-17,1.7330272364e-1,1.3319392318e2,7.685622e2,410,3.9436949251e1,3.1610701492e0,1.4700735293e-1,1.247582e1,2.682651e2,0.02
6,924,1.833333,random,2,2.2204460493e-16,2.3821219872e1,2.3608464826e2,9.321e-18,-1.6676353383e-1,1.3290751752e2,7.969819e2,410,3.9374022480e1,3.1998134048e0,-4.7378433383e-2,1.230510e1,8.310537e2,0.01
6,924,1.833333,random,3,-1.6534083130e-16,2.4386326964e1,2.3414862323e2,6.780e-18,-6.7466865851e-1,1.3479134948e2,1.997890e2,410,3.9455304411e1,3.2473729504e0,-2.3288983967e-1,1.214991e1,1.694162e2,0.02
6,924,1.833333,locked_plus,0,-2.8286834680e-15,3.8019934344e0,4.6520242910e2,7.440e-16,1.2236305719e-15,2.7519085471e2,2.248970e17,410,8.2872518190e1,1.4038828772e0,-8.1640423588e-16,5.903093e1,1.015092e17,0.01
6,924,1.833333,locked_quad,0,-2.6506574713e-15,6.0325181386e1,2.8969851040e2,4.394e-17,9.0377787328e-1,1.7150574487e2,1.897654e2,410,5.1936782572e1,1.5187753725e1,3.2710042399e-1,3.419649e0,1.587793e2,0.01
6,924,1.833333,arith,0,-5.2324681046e-15,8.7613312858e1,3.6121358437e2,5.972e-17,9.1739384262e-2,2.2493541099e2,2.451896e3,410,7.0569475126e1,1.5759921917e1,6.2372561024e-2,4.477781e0,1.131419e3,0.02
7,1418,0.000000,random,1,-1.6764367672e-13,3.1822912694e4,7.1794323889e5,5.268e-18,3.5182904794e2,6.4425559577e5,1.831161e3,494,2.4236947192e5,1.1401059501e4,8.8749460397e2,2.125850e1,2.730940e2,0.03
7,1418,0.000000,random,2,-3.2684965845e-13,3.1417852625e4,7.1943889769e5,1.040e-17,6.9434691213e2,6.4552947561e5,9.296930e2,494,2.4330398998e5,1.2186492995e4,-1.0116157276e2,1.996505e1,2.405103e3,0.03
7,1418,0.000000,random,3,-6.1028959664e-13,3.2321811842e4,7.1939677752e5,1.888e-17,1.0664781179e2,6.4498522208e5,6.047805e3,494,2.4288132275e5,1.1615496419e4,3.0247115148e2,2.091011e1,8.029900e2,0.02
7,1418,0.000000,locked_plus,0,2.4091617590e-11,5.7888828639e3,1.5150814806e6,4.162e-15,1.4541923221e-11,1.3803323836e6,9.492090e16,494,5.3073613315e5,2.6350736066e3,-2.8521629503e-12,2.014123e2,1.860820e17,0.02
7,1418,0.000000,locked_quad,0,4.0984104999e-11,2.8045542344e5,8.2752813549e5,1.461e-16,2.4906998382e3,7.4894993946e5,3.006986e2,494,2.9039420663e5,1.1485199309e5,8.4126300267e3,2.528421e0,3.451884e1,0.02
7,1418,0.000000,arith,0,1.4308110252e-11,3.8356685131e5,1.1975771137e6,3.730e-17,-1.0487605782e2,1.0888478328e6,1.038223e4,494,4.2612467268e5,1.1910718191e5,-8.3785537038e1,3.577657e0,5.085898e3,0.04
7,1418,1.833333,random,1,1.2134390714e-15,2.4805600607e1,2.9881759182e2,4.892e-17,1.7454253363e-1,1.7274770592e2,9.897170e2,494,3.5621850556e1,2.9438130857e0,-2.0879062705e-2,1.210058e1,1.706104e3,0.02
7,1418,1.833333,random,2,-3.0106125926e-15,2.8921656209e1,3.0671579953e2,1.041e-16,8.2973500264e-1,1.7356995697e2,2.091872e2,494,3.5582073988e1,2.6249771668e0,-1.2667193989e-1,1.355519e1,2.808994e2,0.02
7,1418,1.833333,random,3,5.9761223747e-16,2.6688128652e1,3.0870023515e2,2.239e-17,1.1545934503e-2,1.7440970660e2,1.510572e4,494,3.5414105754e1,2.7050950013e0,1.1202614778e-1,1.309163e1,3.161236e2,0.03
7,1418,1.833333,locked_plus,0,7.5159605102e-16,4.0111231430e0,6.0195276487e2,1.874e-16,3.3398034772e-15,3.5516553337e2,1.063432e17,494,7.4382009340e1,1.2559142103e0,2.8669015946e-16,5.922539e1,2.594509e17,0.03
7,1418,1.833333,locked_quad,0,6.1617377867e-15,7.6752178008e1,3.7644457249e2,8.028e-17,7.4395801561e-1,2.2274615726e2,2.994069e2,494,4.7065842696e1,1.4292439540e1,6.7574338007e-1,3.293059e0,6.965047e1,0.02
7,1418,1.833333,arith,0,-4.6776276429e-15,1.1631026742e2,4.8249062768e2,4.022e-17,5.3455409143e-2,3.0111830416e2,5.633075e3,494,6.5045611583e1,1.4412419982e1,6.5476734232e-3,4.513164e0,9.934156e3,0.03
8,2108,0.000000,random,1,-2.4940050025e-12,6.2712066948e4,1.8099428201e6,3.977e-17,2.0915095185e2,1.6308338399e6,7.797401e3,690,5.7216357391e5,2.1842538393e4,6.2792037338e1,2.619492e1,9.112040e3,0.07
8,2108,0.000000,random,2,-1.2414513861e-12,6.4518519828e4,1.8070292254e6,1.924e-17,-2.1068004394e2,1.6279411618e6,7.727078e3,690,5.7115858258e5,2.1778172171e4,-1.5255058203e3,2.622619e1,3.744060e2,0.06
8,2108,0.000000,random,3,-4.0323300254e-13,6.3067198871e4,1.8101044993e6,6.394e-18,9.5031504235e2,1.6305094312e6,1.715757e3,690,5.7233935128e5,2.1791116780e4,1.3672016223e2,2.626480e1,4.186210e3,0.06
8,2108,0.000000,locked_plus,0,-8.1725737289e-12,1.1098608191e4,3.8245417315e6,7.364e-16,-5.8704152650e-12,3.4989505271e6,5.960312e17,690,1.2556807253e6,4.5223009717e3,2.0308199566e-12,2.776641e2,6.183122e17,0.05
8,2108,0.000000,locked_quad,0,-1.2073542166e-10,7.0717751527e5,2.0855670277e6,1.707e-16,7.9535732777e3,1.8963740647e6,2.384305e2,690,6.8387051418e5,2.7016016274e5,1.2666970231e4,2.531352e0,5.398848e1,0.07
8,2108,0.000000,arith,0,1.2574830066e-11,9.9190482209e5,3.0807783972e6,1.268e-17,6.5215079298e2,2.8091683686e6,4.307544e3,690,1.0292463556e6,2.8656432812e5,-2.0513746433e2,3.591676e0,5.017350e3,0.08
8,2108,1.833333,random,1,-5.0779760713e-15,3.0508941899e1,3.8519697319e2,1.664e-16,-5.8087340260e-1,2.1829921658e2,3.758120e2,690,4.0686481737e1,2.5897302282e0,3.9402405055e-2,1.571070e1,1.032589e3,0.06
8,2108,1.833333,random,2,-5.1938705073e-15,2.8659340304e1,3.8103525713e2,1.812e-16,-1.7843000640e-3,2.1816000055e2,1.222664e5,690,4.0409684977e1,2.5139847630e0,-9.5408102337e-2,1.607396e1,4.235456e2,0.05
8,2108,1.833333,random,3,-9.6363889091e-16,3.1471421227e1,3.8381672119e2,3.062e-17,-1.1332150098e-1,2.1860413176e2,1.929061e3,690,4.0390190693e1,2.5914503560e0,-4.8576417188e-2,1.558594e1,8.314774e2,0.05
8,2108,1.833333,locked_plus,0,-4.5862836098e-15,4.1687999350e0,7.5968449437e2,1.100e-15,2.2415879916e-15,4.4625595536e2,1.990803e17,690,8.4890680322e1,1.1691075419e0,-1.5054147165e-15,7.261152e1,5.639023e16,0.05
8,2108,1.833333,locked_quad,0,9.2911789373e-15,9.5340410123e1,4.7662660583e2,9.745e-17,1.4062173205e0,2.8099873918e2,1.998260e2,690,5.3910333888e1,1.6182194026e1,4.3911509730e-1,3.331460e0,1.227704e2,0.04
8,2108,1.833333,arith,0,-5.6161672535e-17,1.5132145981e2,6.2550611434e2,3.711e-19,2.4336773299e-1,3.8749037758e2,1.592201e3,690,7.6222690680e1,1.6890100263e1,3.3448001514e-3,4.512862e0,2.278841e4,0.05
9,3070,0.000000,random,1,-8.2067685980e-13,1.3342065968e5,4.3466501677e6,6.151e-18,7.5202922903e2,3.8964728544e6,5.181278e3,962,1.3150540125e6,4.6294108247e4,6.0104835028e2,2.840651e1,2.187934e3,0.12
9,3070,0.000000,random,2,-2.7782220968e-12,1.3096253490e5,4.3612678419e6,2.121e-17,-9.9871445805e1,3.9095346629e6,3.914567e4,962,1.3164024763e6,4.2463147060e4,1.9022167086e3,3.100106e1,6.920360e2,0.13
9,3070,0.000000,random,3,5.8051341512e-12,1.2955318638e5,4.3504565046e6,4.481e-17,1.7215293148e3,3.8988344765e6,2.264751e3,962,1.3124752015e6,4.1615485572e4,1.2212595604e2,3.153814e1,1.074690e4,0.14
9,3070,0.000000,locked_plus,0,-3.6132208336e-11,2.7213424337e4,9.1978584252e6,1.328e-15,-3.4085845257e-11,8.3734317861e6,2.456572e17,962,2.8833383776e6,1.0529467093e4,5.6477045263e-12,2.738352e2,5.105328e17,0.13
9,3070,0.000000,locked_quad,0,2.0827428671e-10,1.6976597971e6,5.0138045893e6,1.227e-16,1.8610346388e4,4.5349850370e6,2.436809e2,962,1.5727545465e6,6.1882157332e5,3.1083702718e4,2.541532e0,5.059740e1,0.11
9,3070,0.000000,arith,0,7.3838712922e-11,2.4414827856e6,7.5324621935e6,3.024e-17,1.6411012519e3,6.8326246988e6,4.163439e3,962,2.3998803983e6,6.6843009905e5,-1.5478696269e2,3.590324e0,1.550441e4,0.13
9,3070,1.833333,random,1,1.7351571568e-15,3.1888770642e1,4.7494784595e2,5.441e-17,3.6456335703e-1,2.6385965663e2,7.237690e2,962,4.6894958638e1,2.7164552686e0,7.7967805346e-3,1.726329e1,6.014657e3,0.09
9,3070,1.833333,random,2,-7.1889109249e-15,3.3113732407e1,4.7848357673e2,2.171e-16,9.4360199752e-2,2.6434037021e2,2.801397e3,962,4.6948638371e1,2.6298452970e0,1.3490424930e-1,1.785224e1,3.480145e2,0.10
9,3070,1.833333,random,3,1.5772973205e-15,3.5380781953e1,4.7599236144e2,4.458e-17,-5.5157066893e-2,2.6329496540e2,4.773549e3,962,4.6974235307e1,2.6636638899e0,-6.8812180237e-2,1.763520e1,6.826442e2,0.14
9,3070,1.833333,locked_plus,0,-3.8131525932e-15,4.4688404193e0,9.4253456210e2,8.533e-16,2.7094076765e-15,5.3915748409e2,1.989946e17,962,9.7921238360e1,1.1328257967e0,-1.1069839706e-15,8.643980e1,8.845768e16,0.06
9,3070,1.833333,locked_quad,0,-9.8705765783e-15,1.1678151541e2,5.9320534246e2,8.452e-17,1.5883565454e0,3.4106275094e2,2.147268e2,962,6.2581466437e1,1.8705155960e1,5.2248935983e-1,3.345680e0,1.197756e2,0.08
9,3070,1.833333,arith,0,-8.5488799199e-15,1.9236161733e2,7.9461281492e2,4.444e-17,3.1001661192e-1,4.7898893553e2,1.545043e3,962,8.9673633918e1,1.9562901189e1,8.9182646850e-3,4.583862e0,1.005505e4,0.07
10,4168,0.000000,random,1,2.1174173526e-12,2.2964199253e5,8.8822161820e6,9.221e-18,-2.3551104180e2,7.9894808802e6,3.392402e4,1098,2.2370386377e6,5.9334528711e4,9.1494854219e1,3.770214e1,2.444988e4,0.19
10,4168,0.000000,random,2,-6.3096194935e-12,2.2465764227e5,8.8956835370e6,2.809e-17,2.1872424621e3,8.0014401281e6,3.658232e3,1098,2.2401012773e6,6.2505239348e4,-3.2168048401e3,3.583862e1,6.963746e2,0.21
10,4168,0.000000,random,3,-1.5436540934e-11,2.2658779127e5,8.8972180196e6,6.813e-17,6.2986008339e2,8.0002383857e6,1.270161e4,1098,2.2387434247e6,5.9919392312e4,1.2472499824e3,3.736259e1,1.794944e3,0.17
10,4168,0.000000,locked_plus,0,1.8208723418e-10,3.8827951349e4,1.8761279401e7,4.690e-15,2.4325075287e-10,1.7131947741e7,7.042917e16,1098,4.8956740626e6,1.3076134522e4,1.3604406490e-10,3.743977e2,3.598594e16,0.16
10,4168,0.000000,locked_quad,0,-1.7780621420e-10,3.4628194156e6,1.0231377485e7,5.135e-17,4.3141689810e4,9.2878252109e6,2.152865e2,1098,2.6770386370e6,1.0663259366e6,6.5482866672e4,2.510526e0,4.088151e1,0.14
10,4168,0.000000,arith,0,2.0318147165e-10,5.0326830432e6,1.5550800660e7,4.037e-17,2.1055043508e3,1.4129604945e7,6.710794e3,1098,4.1256720914e6,1.1497365683e6,-1.3432462820e3,3.588363e0,3.071419e3,0.19
10,4168,1.833333,random,1,3.3068166261e-16,3.6274102340e1,5.6833158703e2,9.116e-18,-3.3034238848e-1,3.1324846533e2,9.482539e2,1098,4.4171488678e1,2.1611674271e0,-3.2510330816e-2,2.043872e1,1.358691e3,0.21
10,4168,1.833333,random,2,-5.0306980803e-16,3.4380011257e1,5.6929900795e2,1.463e-17,1.5747440682e-1,3.1291110484e2,1.987060e3,1098,4.4133881998e1,2.1658159782e0,-1.6335085488e-2,2.037748e1,2.701785e3,0.23
10,4168,1.833333,random,3,-4.3449402062e-16,3.4697791756e1,5.6567063488e2,1.252e-17,2.1501614451e-1,3.1304774876e2,1.455927e3,1098,4.4277257983e1,2.2276105942e0,6.0303008048e-2,1.987657e1,7.342463e2,0.18
10,4168,1.833333,locked_plus,0,-1.2854663487e-14,4.5611394913e0,1.1195313995e3,2.818e-15,5.8734111596e-15,6.3957462633e2,1.088932e17,1098,9.1909857572e1,1.0085213901e0,-2.5710160455e-16,9.113328e1,3.574846e17,0.20
10,4168,1.833333,locked_quad,0,-3.3271996269e-15,1.3756318556e2,7.0629743393e2,2.419e-17,2.3861966776e0,4.0572194584e2,1.700287e2,1098,5.8880600016e1,1.8192107996e1,6.5051191141e-1,3.236601e0,9.051425e1,0.26
10,4168,1.833333,arith,0,5.8435786592e-15,2.3225997125e2,9.6073650404e2,2.516e-17,2.8924661594e-1,5.7617723586e2,1.991993e3,1098,8.5289327185e1,1.8720539385e1,-1.3720947386e-2,4.555923e0,6.215994e3,0.18
11,5574,0.000000,random,1,-1.0132339412e-11,3.8414240587e5,1.7512709137e7,2.638e-17,4.0038807931e2,1.5595300606e7,3.895046e4,1406,4.2200906804e6,9.7963032080e4,1.3255834406e3,4.307840e1,3.183572e3,0.39
11,5574,0.000000,random,2,8.6686213763e-13,3.8502207712e5,1.7505720289e7,2.251e-18,8.1681329132e2,1.5590019477e7,1.908639e4,1406,4.2172065880e6,9.9940059102e4,-2.8852935907e3,4.219736e1,1.461621e3,0.45
11,5574,0.000000,random,3,1.3415046851e-11,3.9804798766e5,1.7510312374e7,3.370e-17,2.1463547433e3,1.5592949971e7,7.264852e3,1406,4.2130505727e6,1.0582567111e5,3.9158293589e3,3.981123e1,1.075902e3,0.49
11,5574,0.000000,locked_plus,0,-3.2823121998e-10,5.1444943074e4,3.6973784361e7,6.380e-15,-2.0681367729e-10,3.3457208502e7,1.617746e17,1406,9.2244296887e6,1.8957536470e4,-1.6729284624e-11,4.865838e2,5.513942e17,0.36
11,5574,0.000000,locked_quad,0,8.2036422100e-10,6.8278756168e6,2.0159768609e7,1.201e-16,8.2757663835e4,1.8125007030e7,2.190130e2,1406,5.0419555608e6,2.0111039318e6,1.1576002627e5,2.507059e0,4.355524e1,0.40
11,5574,0.000000,arith,0,-1.7608137171e-10,1.0009184235e7,3.0951213094e7,1.759e-17,3.8631666896e3,2.7871358857e7,7.214641e3,1406,7.8464547160e6,2.1834914389e6,-9.8933192310e2,3.593536e0,7.931064e3,0.41
11,5574,1.833333,random,1,-5.5283468775e-16,3.8810687151e1,6.6353029947e2,1.424e-17,6.8755831263e-2,3.5507823539e2,5.164336e3,1406,4.8936743277e1,2.1454956258e0,-3.8159698145e-2,2.280906e1,1.282420e3,0.33
11,5574,1.833333,random,2,1.9625956676e-15,3.7809993433e1,6.6665085991e2,5.191e-17,-1.7266812853e-2,3.5521184568e2,2.057194e4,1406,4.8936013904e1,2.1750593858e0,3.7089383401e-2,2.249870e1,1.319408e3,0.33
11,5574,1.833333,random,3,1.2643965736e-15,3.5805191086e1,6.6587075929e2,3.531e-17,1.4742594023e-1,3.5476198591e2,2.406374e3,1406,4.8868495349e1,2.2764152924e0,-4.1122525163e-2,2.146730e1,1.188363e3,0.24
11,5574,1.833333,locked_plus,0,-1.3234957563e-14,4.7706263859e0,1.3166498992e3,2.774e-15,6.4298677602e-15,7.2504126800e2,1.127615e17,1406,1.0182253095e2,1.0262250905e0,1.0244694090e-15,9.922047e1,9.939050e16,0.35
11,5574,1.833333,locked_quad,0,-2.3946122862e-14,1.6059388658e2,8.3235751308e2,1.491e-16,2.4256567004e0,4.6154570331e2,1.902766e2,1406,6.5395739797e1,2.0134461341e1,6.3718814253e-1,3.247951e0,1.026318e2,0.36
11,5574,1.833333,arith,0,2.4011283413e-15,2.7718835996e2,1.1478105197e3,8.662e-18,2.7546258577e-1,6.6373465966e2,2.409527e3,1406,9.5636571966e1,2.0921378532e1,1.0197422125e-4,4.571237e0,9.378505e5,0.33
12,7152,0.000000,random,1,-1.3571366253e-12,6.0567731913e5,3.1322757508e7,2.241e-18,-2.8134195358e2,2.7994060944e7,9.950191e4,1578,6.5575235149e6,1.4179882935e5,5.7288930242e3,4.624526e1,1.144641e3,0.39
12,7152,0.000000,random,2,3.1079139262e-11,6.1753174492e5,3.1343474073e7,5.033e-17,3.2489200871e2,2.8016719457e7,8.623394e4,1578,6.5619998364e6,1.3467244370e5,5.3792330855e3,4.872563e1,1.219876e3,0.54
12,7152,0.000000,random,3,-7.7307049651e-12,6.0879834729e5,3.1338767655e7,1.270e-17,3.4229221573e3,2.8007930248e7,8.182462e3,1578,6.5675236568e6,1.4208238607e5,9.9410254381e3,4.622335e1,6.606485e2,0.41
12,7152,0.000000,locked_plus,0,-1.6313994600e-10,1.2264463155e5,6.6182157864e7,1.330e-15,-1.8985035766e-11,6.0081626795e7,3.164683e18,1578,1.4365937688e7,3.4119967962e4,-1.0834289021e-10,4.210419e2,1.325970e17,0.30
12,7152,0.000000,locked_quad,0,-1.9663275452e-9,1.2229163373e7,3.6091658953e7,1.608e-16,1.6573195540e5,3.2575438306e7,1.965550e2,1578,7.8608612052e6,3.1131640000e6,1.8639079240e5,2.525039e0,4.217409e1,0.35
12,7152,0.000000,arith,0,-6.1501026494e-11,1.8062453289e7,5.5752599604e7,3.405e-18,4.9174282888e3,5.0302016883e7,1.022933e4,1578,1.2278933938e7,3.3499012202e6,-2.8659196287e3,3.665461e0,4.284466e3,0.43
12,7152,1.833333,random,1,-9.1896976140e-16,3.9345073396e1,7.6339570805e2,2.336e-17,-2.1764740136e-1,4.0849472303e2,1.876865e3,1578,4.7337719887e1,2.0169902648e0,3.5509979822e-2,2.346948e1,1.333082e3,0.50
12,7152,1.833333,random,2,9.0921194185e-16,4.2596350751e1,7.6364754767e2,2.134e-17,-1.8182477557e-3,4.0894963451e2,2.249141e5,1578,4.7395931100e1,2.0264457196e0,-9.6415593414e-2,2.338870e1,4.915795e2,0.40
12,7152,1.833333,random,3,-3.2762421248e-15,3.9942473740e1,7.6014384145e2,8.202e-17,-1.0203611049e-1,4.0843822522e2,4.002879e3,1578,4.7290366402e1,1.9582229007e0,6.8779235306e-2,2.414963e1,6.875675e2,0.40
12,7152,1.833333,locked_plus,0,-1.1984340522e-14,4.9722691389e0,1.5108832866e3,2.410e-15,2.1076551420e-16,8.3498918496e2,3.961697e18,1578,9.8444251279e1,9.4173536942e-1,9.8098273753e-16,1.045349e2,1.003527e17,0.34
12,7152,1.833333,locked_quad,0,-3.1898095276e-14,1.8324758009e2,9.5698403927e2,1.741e-16,3.4712383906e0,5.3272363831e2,1.534679e2,1578,6.3440982657e1,1.9593366306e1,6.2105506123e-1,3.237881e0,1.021503e2,0.30
12,7152,1.833333,arith,0,2.0003530082e-17,3.2151598212e2,1.3335825991e3,6.222e-20,2.4987052571e-1,7.7074073096e2,3.084560e3,1578,9.3203238592e1,1.9769519350e1,-9.3532419810e-3,4.714492e0,9.964806e3,0.35
13,9170,0.000000,random,1,6.4144245471e-11,9.6882032173e5,5.5972586758e7,6.621e-17,5.5393425717e2,4.9999627971e7,9.026275e4,2018,1.1680059865e7,2.2804018556e5,5.8964865085e3,5.121931e1,1.980851e3,0.65
13,9170,0.000000,random,2,-4.1026737563e-11,9.6950296559e5,5.5930018450e7,4.232e-17,-4.0344302537e3,4.9965547813e7,1.238478e4,2018,1.1660445493e7,2.2024477601e5,-2.1644894007e3,5.294312e1,5.387158e3,0.58
13,9170,0.000000,random,3,1.0302869669e-11,9.6977224753e5,5.5983927695e7,1.062e-17,3.1039484059e3,5.0016147484e7,1.611372e4,2018,1.1687396168e7,2.2221135897e5,1.4384374084e3,5.259585e1,8.125064e3,0.54
13,9170,0.000000,locked_plus,0,-1.6346319853e-9,1.4464703983e5,1.1814767618e8,1.130e-14,-1.4168080043e-9,1.0721774685e8,7.567557e16,2018,2.5547518477e7,4.3274906193e4,-3.0358648928e-10,5.903541e2,8.415236e16,0.51
13,9170,0.000000,locked_quad,0,2.6366251404e-9,2.1836630335e7,6.4413617010e7,1.207e-16,2.6912155745e5,5.8092952792e7,2.158614e2,2018,1.3974259521e7,5.6143371610e6,3.0829339487e5,2.489031e0,4.532779e1,0.41
13,9170,0.000000,arith,0,-5.7299942569e-10,3.2457107331e7,1.0019575555e8,1.765e-17,5.4638041428e3,9.0402200964e7,1.654565e4,2018,2.1995062944e7,6.1496254675e6,-3.5814131875e3,3.576651e0,6.141448e3,0.56
13,9170,1.833333,random,1,-4.1485911928e-15,4.2699971575e1,8.7295574162e2,9.716e-17,8.9287912271e-3,4.6526996571e2,5.210895e4,2018,5.3515500232e1,2.0632380344e0,2.3748775539e-2,2.593763e1,2.253400e3,0.43
13,9170,1.833333,random,2,-8.2177374714e-15,4.5956453042e1,8.7642965768e2,1.788e-16,-1.5160294642e-1,4.6553766917e2,3.070769e3,2018,5.3584927068e1,2.0457233961e0,-5.1721058305e-2,2.619363e1,1.036037e3,0.50
13,9170,1.833333,random,3,2.8655463419e-16,4.3561148421e1,8.8018725754e2,6.578e-18,1.0557526140e-1,4.6552766155e2,4.409439e3,2018,5.3581819639e1,2.0105291567e0,7.6536337827e-3,2.665061e1,7.000834e3,0.36
13,9170,1.833333,locked_plus,0,-3.4128153455e-14,5.0725996535e0,1.7301148414e3,6.728e-15,-1.5341098211e-14,9.4948020359e2,6.189128e16,2018,1.1128535999e2,9.5292134588e-1,1.6732966466e-16,1.167834e2,6.650665e17,0.49
13,9170,1.833333,locked_quad,0,1.1021565605e-13,2.0874232632e2,1.0975422756e3,5.280e-16,3.3410805487e0,6.0709727921e2,1.817069e2,2018,7.1737600625e1,2.2426343326e1,6.3572819115e-1,3.198810e0,1.128432e2,0.51
13,9170,1.833333,arith,0,1.1376533396e-15,3.7222840530e2,1.5451068504e3,3.056e-18,2.2983532354e-1,8.8606641098e2,3.855223e3,2018,1.0627576166e2,2.3405277830e1,-9.7323666414e-3,4.540675e0,1.091983e4,0.59
14,11512,0.000000,random,1,3.2713387554e-11,1.4707546093e6,9.5127734135e7,2.224e-17,-4.8787384908e3,8.5586199018e7,1.754269e4,2342,1.8290145550e7,3.1565993860e5,1.2019500909e4,5.794256e1,1.521706e3,0.64
14,11512,0.000000,random,2,3.1302960224e-11,1.4736488161e6,9.5178518620e7,2.124e-17,-5.8606451740e3,8.5636246669e7,1.461209e4,2342,1.8305142566e7,3.0448330731e5,-2.9117330696e3,6.011871e1,6.286683e3,0.97
14,11512,0.000000,random,3,-1.4517453906e-10,1.4588703762e6,9.5151655154e7,9.951e-17,2.5166447977e3,8.5612033018e7,3.401832e4,2342,1.8307589734e7,3.0340700317e5,9.0998662993e3,6.034004e1,2.011853e3,0.78
14,11512,0.000000,locked_plus,0,1.6510455225e-9,2.1599247628e5,2.0087138201e8,7.644e-15,1.4818795080e-9,1.8346373651e8,1.238048e17,2342,4.0049919566e7,5.9050495229e4,6.9744032771e-10,6.782317e2,5.742415e16,0.75
14,11512,0.000000,locked_quad,0,-1.3202225091e-8,3.7147661656e7,1.0953415409e8,3.554e-16,4.5345504878e5,9.9455180368e7,2.193275e2,2342,2.1932391549e7,8.7276660832e6,5.3572169462e5,2.512973e0,4.093990e1,0.86
14,11512,0.000000,arith,0,-1.4880185972e-9,5.5463131532e7,1.7117820264e8,2.683e-17,1.0215139672e4,1.5537085457e8,1.520986e4,2342,3.4600555811e7,9.5092103348e6,1.6507435117e1,3.638636e0,2.096059e6,0.93
14,11512,1.833333,random,1,-1.0978089098e-14,4.2971788982e1,9.8816289670e2,2.555e-16,-1.0184428980e-1,5.3433745145e2,5.246612e3,2342,5.4860684560e1,1.9278869758e0,2.2225105661e-2,2.845638e1,2.468411e3,0.86
14,11512,1.833333,random,2,6.5440003676e-15,4.4371478975e1,9.9161763806e2,1.475e-16,-2.7608899267e-1,5.3454775545e2,1.936143e3,2342,5.4985502875e1,1.8636012910e0,1.9322922712e-2,2.950497e1,2.845610e3,0.79
14,11512,1.833333,random,3,2.6700646902e-15,4.3888787050e1,9.9133748134e2,6.084e-17,2.4339525691e-1,5.3444761014e2,2.195801e3,2342,5.4994822942e1,1.9231179629e0,5.6396806909e-2,2.859670e1,9.751407e2,0.88
14,11512,1.833333,locked_plus,0,-3.0367781179e-14,5.1939681727e0,1.9571746509e3,5.847e-15,-1.0109680427e-14,1.0894655827e3,1.077646e17,2342,1.1409336863e2,9.0123145982e-1,-2.1750552477e-15,1.265972e2,5.245539e16,0.64
14,11512,1.833333,locked_quad,0,-6.5426830620e-14,2.3515084924e2,1.2434209371e3,2.782e-16,4.0956541243e0,6.9727115667e2,1.702466e2,2342,7.3728977959e1,2.3013598398e1,7.1109043530e-1,3.203714e0,1.036844e2,0.66
14,11512,1.833333,arith,0,-2.9871369050e-14,4.2491751242e2,1.7654188612e3,7.030e-17,2.4920868058e-1,1.0238518411e3,4.108412e3,2342,1.0960373167e2,2.3581607624e1,3.4126325623e-3,4.647848e0,3.211706e4,1.09
15,14146,0.000000,random,1,-6.1483262925e-11,2.1502402491e6,1.5385603131e8,2.859e-17,-8.5915964134e3,1.3792392108e8,1.605335e4,2634,2.6994766956e7,4.1948390588e5,1.9440853758e4,6.435233e1,1.388559e3,0.94
15,14146,0.000000,random,2,-7.4848571785e-11,2.1428841261e6,1.5384831790e8,3.493e-17,-3.3805807692e3,1.3790815999e8,4.079422e4,2634,2.6983488510e7,4.0736879395e5,-1.1427157938e4,6.623848e1,2.361347e3,1.44
15,14146,0.000000,random,3,-3.6159519823e-11,2.1337550560e6,1.5384633174e8,1.695e-17,-3.0819829144e3,1.3790345663e8,4.474504e4,2634,2.6999481763e7,4.0945186300e5,1.1607773666e4,6.594055e1,2.325983e3,1.22
15,14146,0.000000,locked_plus,0,1.3384502395e-9,2.3176155353e5,3.2478984932e8,5.775e-15,1.1731495775e-9,2.9564484061e8,2.520095e17,2634,5.9033983939e7,6.7843067026e4,-2.0268853262e-10,8.701550e2,2.912547e17,1.33
15,14146,0.000000,locked_quad,0,-1.2914824765e-10,6.0098628282e7,1.7708102786e8,2.149e-18,7.4098995924e5,1.6021875408e8,2.162226e2,2634,3.2316763155e7,1.3011858093e7,7.5708662728e5,2.483639e0,4.268569e1,1.17
15,14146,0.000000,arith,0,1.6199201980e-9,9.0018946997e7,2.7797365168e8,1.800e-17,1.3305937225e4,2.5145038389e8,1.889761e4,2634,5.1268384484e7,1.4220613162e7,-1.1105260301e3,3.605216e0,4.616586e4,1.29
15,14146,1.833333,random,1,1.3279253998e-14,4.8984991698e1,1.1128046176e3,2.711e-16,-7.0713078361e-2,5.8830891940e2,8.319662e3,2634,5.4869483807e1,1.6894257275e0,4.1042828383e-2,3.247819e1,1.336884e3,1.06
15,14146,1.833333,random,2,-5.6279308470e-15,4.9960412067e1,1.1093700068e3,1.126e-16,-2.1882170576e-1,5.8883051980e2,2.690915e3,2634,5.4955213606e1,1.7816648357e0,4.0895289004e-2,3.084487e1,1.343803e3,0.99
15,14146,1.833333,random,3,5.2821245641e-15,4.3875284510e1,1.1024916554e3,1.204e-16,2.0984226654e-1,5.8835702420e2,2.803806e3,2634,5.4954008304e1,1.8268975482e0,4.5453039573e-2,3.008051e1,1.209028e3,1.01
15,14146,1.833333,locked_plus,0,-3.2821698308e-14,5.2319270629e0,2.1867230477e3,6.273e-15,-9.0906811565e-15,1.1996581331e3,1.319657e17,2634,1.1410793205e2,8.4977750212e-1,-1.6226965924e-15,1.342798e2,7.031994e16,0.91
15,14146,1.833333,locked_quad,0,9.7642380292e-14,2.6177163958e2,1.3908745479e3,3.730e-16,4.3432763627e0,7.6918021729e2,1.770968e2,2634,7.3715110941e1,2.3331088367e1,6.9147522516e-1,3.159523e0,1.066056e2,1.00
15,14146,1.833333,arith,0,-3.7128367871e-14,4.7800959709e2,1.9894606616e3,7.767e-17,2.5106879325e-1,1.1360065428e3,4.524682e3,2634,1.1027068607e2,2.4031240534e1,4.5428064247e-4,4.588639e0,2.427369e5,0.81
16,17076,0.000000,random,1,2.9160673876e-11,3.0198752881e6,2.3873409487e8,9.656e-18,3.3096366814e3,2.1472138724e8,6.487763e4,2930,3.8490786488e7,5.3713895337e5,-1.0428356772e4,7.165890e1,3.690973e3,1.77
16,17076,0.000000,random,2,-4.8885340220e-11,3.0180141622e6,2.3874200499e8,1.620e-17,1.4883457765e4,2.1472933294e8,1.442738e4,2930,3.8463081934e7,5.2864285545e5,7.0586222844e3,7.275816e1,5.449092e3,1.78
16,17076,0.000000,random,3,-1.2886403056e-10,3.0391840319e6,2.3870893589e8,4.240e-17,-1.1660895654e4,2.1470239852e8,1.841217e4,2930,3.8490869641e7,5.3520891768e5,-9.1786930473e2,7.191747e1,4.193502e4,1.67
16,17076,0.000000,locked_plus,0,5.8749645149e-9,3.3467990077e5,5.0403899487e8,1.755e-14,5.2956163898e-9,4.6023451243e8,8.690858e16,2930,8.4230258188e7,9.0388357996e4,2.3154296258e-9,9.318707e2,3.637781e16,1.93
16,17076,0.000000,locked_quad,0,-8.7997250375e-8,9.3156458748e7,2.7476893563e8,9.446e-16,1.1854148506e6,2.4942809474e8,2.104142e2,2930,4.6127100304e7,1.8349881638e7,1.0747808714e6,2.513755e0,4.291768e1,1.81
16,17076,0.000000,arith,0,2.9891502606e-9,1.4020283361e8,4.3274345693e8,2.132e-17,1.8740074764e4,3.9250463086e8,2.094467e4,2930,7.3351280921e7,2.0081074497e7,-2.7710062920e3,3.652757e0,2.647099e4,1.91
16,17076,1.833333,random,1,-4.6990135307e-15,4.9931464325e1,1.2221005524e3,9.411e-17,9.6793863112e-2,6.5515940129e2,6.768605e3,2930,5.5037099325e1,1.6580879439e0,-4.6301806843e-2,3.319311e1,1.188660e3,1.39
16,17076,1.833333,random,2,6.5529179305e-16,4.7275418135e1,1.2250292768e3,1.386e-17,1.4899908533e-1,6.5539448246e2,4.398648e3,2930,5.5076678417e1,1.6406973540e0,3.8988821381e-3,3.356907e1,1.412627e4,1.61
16,17076,1.833333,random,3,-4.4784054937e-15,5.0349916207e1,1.2301874501e3,8.895e-17,8.5641031543e-2,6.5496406360e2,7.647783e3,2930,5.5078498064e1,1.6206004797e0,1.9929085237e-2,3.398648e1,2.763724e3,1.65
16,17076,1.833333,locked_plus,0,-7.5302863784e-15,5.3158953380e0,2.4190101421e3,1.417e-15,-4.2204339863e-15,1.3349272077e3,3.163009e17,2930,1.1438563148e2,7.9984557048e-1,1.0479212103e-15,1.430096e2,1.091548e17,1.29
16,17076,1.833333,locked_quad,0,-5.0749335290e-14,2.8860680097e2,1.5402899688e3,1.758e-16,5.1913171322e0,8.5663284828e2,1.650126e2,2930,7.4010099525e1,2.3317885269e1,6.6285777345e-1,3.173963e0,1.116531e2,1.26
16,17076,1.833333,arith,0,-4.2236992983e-14,5.3221525666e2,2.2170723250e3,7.936e-17,2.6061873051e-1,1.2703306877e3,4.874288e3,2930,1.1105357834e2,2.3805931372e1,-1.9475296452e-3,4.664954e0,5.702279e4,2.16
17,20478,0.000000,random,1,-3.8262015778e-10,4.2649362004e6,3.6474461715e8,8.971e-17,4.2589397766e3,3.2764695224e8,7.693158e4,3402,5.6854739700e7,7.4916332995e5,3.3865954581e4,7.589098e1,1.678817e3,2.63
17,20478,0.000000,random,2,-1.6525802948e-10,4.1967805307e6,3.6484995404e8,3.938e-17,-1.9083609900e4,3.2775045104e8,1.717445e4,3402,5.6862047075e7,7.0498239257e5,-1.7567943229e4,8.065740e1,3.236693e3,3.37
17,20478,0.000000,random,3,-1.2752821021e-10,4.2021650545e6,3.6481913567e8,3.035e-17,-1.1166555374e4,3.2771591147e8,2.934799e4,3402,5.6872954013e7,7.0427775701e5,-1.1107451386e4,8.075359e1,5.120252e3,2.47
17,20478,0.000000,locked_plus,0,-6.0752993747e-9,8.5517627392e5,7.7030352629e8,7.104e-15,-5.4859468079e-9,7.0255848403e8,1.280651e17,3402,1.2452642940e8,1.8035287831e5,-8.0932505142e-10,6.904599e2,1.538645e17,2.70
17,20478,0.000000,locked_quad,0,-5.1981260185e-8,1.4225557950e8,4.1992743296e8,3.654e-16,1.6669824703e6,3.8070422619e8,2.283793e2,3402,6.8233485003e7,2.7043285800e7,1.5798767638e6,2.523121e0,4.318912e1,2.28
17,20478,0.000000,arith,0,5.2159876418e-10,2.1505371166e8,6.6304018444e8,2.425e-18,1.8633412858e4,6.0071239915e8,3.223845e4,3402,1.0863437244e8,2.9571958566e7,7.1077962164e2,3.673560e0,1.528383e5,2.04
17,20478,1.833333,random,1,-3.6625433589e-15,5.0322478141e1,1.3497929646e3,7.278e-17,7.9620423320e-2,7.1680754968e2,9.002810e3,3402,5.8153605086e1,1.6615355392e0,2.5242442852e-2,3.499992e1,2.303803e3,2.19
17,20478,1.833333,random,2,1.2445014637e-15,4.8127089447e1,1.3484637436e3,2.586e-17,-4.9232972639e-2,7.1716942023e2,1.456685e4,3402,5.8161443248e1,1.6529980593e0,-3.7609629142e-2,3.518543e1,1.546451e3,1.97
17,20478,1.833333,random,3,1.3159558079e-14,5.0291122958e1,1.3503004127e3,2.617e-16,-1.1163750406e-1,7.1751433295e2,6.427180e3,3402,5.8174644340e1,1.6301657961e0,-2.0390026251e-2,3.568634e1,2.853093e3,2.00
17,20478,1.833333,locked_plus,0,9.2812843220e-15,5.5378500997e0,2.6649885659e3,1.676e-15,-1.4581571814e-14,1.4607444602e3,1.001774e17,3402,1.2080853244e2,7.9286005620e-1,-1.7584958792e-15,1.523706e2,6.869992e16,3.16
17,20478,1.833333,locked_quad,0,-5.3674079070e-14,3.1700074983e2,1.6988311441e3,1.693e-16,5.1236551726e0,9.3878321246e2,1.832253e2,3402,7.8362249032e1,2.4676422708e1,6.8099767231e-1,3.175592e0,1.150698e2,3.00
17,20478,1.833333,arith,0,-8.2101575430e-14,5.8967771450e2,2.4589990935e3,1.392e-16,2.4197130607e-1,1.3979206045e3,5.777216e3,3402,1.1777206497e2,2.4964801465e1,2.7937794218e-4,4.717525e0,4.215511e5,1.81
18,24404,0.000000,random,1,-3.1700153613e-10,5.8607850154e6,5.4919363374e8,5.409e-17,-4.9286965034e3,4.9273664089e8,9.997301e4,3926,8.2830330252e7,9.6466178454e5,3.5472417110e4,8.586463e1,2.335063e3,2.49
18,24404,0.000000,random,2,2.8762769944e-11,5.8315400281e6,5.4918966274e8,4.932e-18,7.5940050799e2,4.9268249582e8,6.487782e5,3926,8.2835232903e7,9.6947418096e5,-7.6102239147e3,8.544346e1,1.088473e4,2.95
18,24404,0.000000,random,3,7.2596151313e-11,5.8582050811e6,5.4918931608e8,1.239e-17,2.8085952082e4,4.9268678173e8,1.754211e4,3926,8.2798351108e7,9.3884732645e5,1.2482602949e4,8.819150e1,6.633100e3,3.22
18,24404,0.000000,locked_plus,0,-1.4045162811e-8,7.0480618861e5,1.1595369727e9,1.993e-14,-1.4165216111e-8,1.0562756807e9,7.456827e16,3926,1.8115409139e8,1.7062533008e5,-7.9416917487e-11,1.061707e3,2.281052e18,3.32
18,24404,0.000000,locked_quad,0,-2.3924803827e-7,2.1441295086e8,6.3209665217e8,1.116e-15,2.7989807716e6,5.7244964769e8,2.045208e2,3926,9.9272125070e7,4.0209750937e7,2.3751830648e6,2.468857e0,4.179557e1,3.32
18,24404,0.000000,arith,0,8.3673050710e-9,3.2452906414e8,1.0009013414e9,2.578e-17,9.5448825803e3,9.0522609373e8,9.483889e4,3926,1.5859115235e8,4.4167168997e7,-7.6911547839e2,3.590702e0,2.061994e5,3.91
18,24404,1.833333,random,1,3.5187510457e-15,4.8719869725e1,1.4758408489e3,7.222e-17,-1.0812373658e-1,7.8196875285e2,7.232165e3,3926,6.1406986816e1,1.6432190737e0,2.6343034055e-2,3.736993e1,2.331052e3,3.13
18,24404,1.833333,random,2,-7.1799798095e-15,5.1752975724e1,1.4798743048e3,1.387e-16,2.6596642115e-3,7.8220523906e2,2.940992e5,3926,6.1345973806e1,1.5989185166e0,-2.7716980507e-2,3.836717e1,2.213299e3,4.36
18,24404,1.833333,random,3,1.1875286724e-14,5.3278156852e1,1.4797819755e3,2.229e-16,1.4601270112e-1,7.8238596613e2,5.358342e3,3926,6.1320958852e1,1.6266453993e0,1.8075658812e-2,3.769780e1,3.392461e3,3.16
18,24404,1.833333,locked_plus,0,2.1528416816e-14,5.5668836711e0,2.9248434169e3,3.867e-15,-5.8247029534e-15,1.5925231360e3,2.734085e17,3926,1.2727486169e2,7.9926198121e-1,9.2684081506e-16,1.592405e2,1.373212e17,2.98
18,24404,1.833333,locked_quad,0,-5.1963641723e-14,3.4710891451e2,1.8660948662e3,1.497e-16,6.3552776828e0,1.0242523250e3,1.611656e2,3926,8.2464240618e1,2.6535067472e1,7.5119361628e-1,3.107746e0,1.097776e2,3.04
18,24404,1.833333,arith,0,-6.9854847818e-14,6.5052516718e2,2.7156364314e3,1.074e-16,1.9048466067e-1,1.5301236780e3,8.032792e3,3926,1.2453084546e2,2.7277716889e1,-2.7296559541e-4,4.565296e0,4.562144e5,2.87
19,28670,0.000000,random,1,-3.4651748138e-10,7.9405930473e6,7.9992545657e8,4.364e-17,-7.1871390305e3,7.1524087233e8,9.951677e4,4266,1.1133615148e8,1.1891955156e6,-2.0855132142e4,9.362308e1,5.338549e3,4.49
19,28670,0.000000,random,2,-3.4651748138e-10,7.8840212992e6,8.0013456587e8,4.395e-17,-1.0164621554e4,7.1545277542e8,7.038656e4,4266,1.1135816470e8,1.2014425455e6,1.8305453104e4,9.268705e1,6.083333e3,3.61
19,28670,0.000000,random,3,-3.0865976441e-10,7.8295587700e6,8.0000200330e8,3.942e-17,-2.0173232565e4,7.1533377228e8,3.545955e4,4266,1.1135080733e8,1.2440252315e6,-2.9056265201e3,8.950848e1,3.832248e4,4.04
19,28670,0.000000,locked_plus,0,-1.3077010586e-9,8.1806657403e5,1.6884927539e9,1.599e-15,-3.6455505281e-10,1.5333870305e9,4.206188e18,4266,2.4345958887e8,1.8278149058e5,-2.1135133643e-9,1.331971e3,1.151919e17,3.77
19,28670,0.000000,locked_quad,0,5.9050944401e-7,3.1215271248e8,9.2058837466e8,1.892e-15,4.0268461223e6,8.3105075197e8,2.063776e2,4266,1.3350561718e8,5.3309164627e7,3.4481088294e6,2.504365e0,3.871850e1,4.01
19,28670,0.000000,arith,0,6.1869052104e-9,4.7289457312e8,1.4606147858e9,1.308e-17,6.6900335824e3,1.3168377576e9,1.968357e5,4266,2.1348363830e8,5.8288013267e7,-4.7685330014e3,3.662565e0,4.476925e4,4.24
19,28670,1.833333,random,1,-7.6032794427e-15,5.4824387968e1,1.6095241514e3,1.387e-16,-4.5038746622e-2,8.4199544905e2,1.869491e4,4266,6.0988278887e1,1.5100826603e0,-2.8948201640e-3,4.038738e1,2.106807e4,3.79
19,28670,1.833333,random,2,7.3209938545e-15,5.4431760584e1,1.6148802945e3,1.345e-16,-6.1651402568e-2,8.4200898422e2,1.365758e4,4266,6.0910824788e1,1.5016268316e0,4.3576653413e-2,4.056322e1,1.397786e3,4.21
19,28670,1.833333,random,3,1.1976693508e-14,5.4507206633e1,1.6127813018e3,2.197e-16,3.6049517658e-2,8.4184401703e2,2.335243e4,4266,6.0997938340e1,1.5644564755e0,-1.5336391542e-3,3.898986e1,3.977333e4,3.62
19,28670,1.833333,locked_plus,0,5.6066184393e-14,5.5893862621e0,3.1850794242e3,1.003e-14,2.1461920494e-14,1.7138721354e3,7.985642e16,4266,1.2645029659e2,7.3772195496e-1,-6.0896629062e-16,1.714064e2,2.076474e17,4.84
19,28670,1.833333,locked_quad,0,-1.8954109116e-13,3.7714949322e2,2.0338289621e3,5.026e-16,6.5712663008e0,1.1036328964e3,1.679483e2,4266,8.2018711148e1,2.6216332668e1,8.1142683209e-1,3.128535e0,1.010796e2,4.72
19,28670,1.833333,arith,0,-6.5505028702e-14,7.1132943606e2,2.9733471518e3,9.209e-17,1.8526861913e-1,1.6539948289e3,8.927550e3,4266,1.2409408565e2,2.6519418906e1,-3.2140629276e-3,4.679367e0,3.860972e4,5.98
20,33400,0.000000,random,1,-9.9618091554e-11,1.0387442578e7,1.1423062279e9,9.590e-18,-8.3173337572e1,1.0259765644e9,1.233540e7,4730,1.5103690925e8,1.4911339638e6,-2.3061488974e4,1.012900e2,6.549313e3,6.58
20,33400,0.000000,random,2,4.7705839279e-10,1.0317832950e7,1.1423856466e9,4.624e-17,4.4503628174e3,1.0260047365e9,2.305441e5,4730,1.5105427808e8,1.5302302767e6,1.1422015588e4,9.871343e1,1.322484e4,5.39
20,33400,0.000000,random,3,-3.4270897231e-10,1.0337246436e7,1.1423722590e9,3.315e-17,3.1983240274e4,1.0260300301e9,3.208024e4,4730,1.5106629193e8,1.4687459964e6,-3.7232768985e4,1.028539e2,4.057348e3,4.75
20,33400,0.000000,locked_plus,0,1.1381459775e-8,1.1338783591e6,2.4114531835e9,1.004e-14,1.2150892292e-8,2.1989191511e9,1.809677e17,4730,3.3055555256e8,2.3803939459e5,2.6002884290e-9,1.388659e3,1.271226e17,5.63
20,33400,0.000000,locked_quad,0,6.0300226323e-7,4.4552622626e8,1.3145189890e9,1.353e-15,5.7078390681e6,1.1916625333e9,2.087765e2,4730,1.8114811578e8,7.2532368569e7,4.1230370336e6,2.497480e0,4.393560e1,6.45
20,33400,0.000000,arith,0,-8.2921580713e-9,6.7703987483e8,2.0897170337e9,1.225e-17,1.3959799808e4,1.8915427696e9,1.354993e5,4730,2.9040491754e8,7.9636423235e7,-1.1880521940e4,3.646634e0,2.444378e4,5.75
20,33400,1.833333,random,1,-3.3404811035e-15,5.3126359920e1,1.7487922543e3,6.288e-17,-1.3611697181e-1,9.2196545257e2,6.773332e3,4730,6.2286367048e1,1.4575041489e0,1.2251874902e-2,4.273495e1,5.083823e3,6.22
20,33400,1.833333,random,2,-6.4897631540e-15,5.3313657009e1,1.7440654106e3,1.217e-16,-9.3867559689e-2,9.2198834240e2,9.822226e3,4730,6.2288416156e1,1.4849154596e0,1.0991818772e-2,4.194745e1,5.666798e3,5.11
20,33400,1.833333,random,3,6.0248606505e-15,5.5703524168e1,1.7442688598e3,1.082e-16,-4.0996902324e-2,9.2192746143e2,2.248773e4,4730,6.2237456523e1,1.4643162377e0,2.8893462823e-2,4.250274e1,2.154032e3,4.90
20,33400,1.833333,locked_plus,0,8.6788188822e-14,5.6409678714e0,3.4520684520e3,1.539e-14,3.0139058990e-14,1.8765615072e3,6.226344e16,4730,1.2913664583e2,7.1435179816e-1,-1.2351497964e-15,1.807746e2,1.045514e17,5.42
20,33400,1.833333,locked_quad,0,-9.3930939415e-14,4.0789263674e2,2.2059307895e3,2.303e-16,7.3299347559e0,1.2088378104e3,1.649179e2,4730,8.3783460817e1,2.6865509954e1,6.9544040753e-1,3.118625e0,1.204754e2,5.58
20,33400,1.833333,arith,0,1.3409215958e-14,7.7397669520e2,3.2384476184e3,1.733e-17,2.0188640228e-1,1.8166421125e3,8.998338e3,4730,1.2713926451e2,2.7471692919e1,-3.6805861724e-3,4.628010e0,3.454321e4,5.58
