M,n_modes,class,n_triads,sum_absC,sum_C_re,sum_C_im,D_c,secs
2,32,+++,426,7.9310792668e1,-4.7184478547e-16,-1.3322676296e-15,5.611524e16,0.00
2,32,++-,426,2.4151972586e2,2.1094237468e-15,-2.3314683517e-15,7.681662e16,0.00
2,32,+-+,426,2.4151972586e2,1.2212453271e-15,-1.1102230246e-15,1.463343e17,0.00
2,32,+--,426,2.8399104422e1,1.1102230246e-16,-2.2204460493e-16,1.143956e17,0.00
2,32,-++,426,2.8399104422e1,-1.1102230246e-16,-2.2204460493e-16,1.143956e17,0.00
2,32,-+-,426,2.4151972586e2,-1.2212453271e-15,-1.1102230246e-15,1.463343e17,0.00
2,32,--+,426,2.4151972586e2,-2.1094237468e-15,-2.3314683517e-15,7.681662e16,0.00
2,32,---,426,7.9310792668e1,4.7184478547e-16,-1.3322676296e-15,5.611524e16,0.00
2,32,ALL,3408,1.1814986976e3,0.0000000000e0,-9.9920072216e-15,1.182444e17,0.00
3,122,+++,6642,2.5091833329e3,-1.2434497876e-14,3.5527136788e-14,6.666210e16,0.01
3,122,++-,6642,5.4509324369e3,3.1974423109e-14,-4.2632564146e-14,1.022867e17,0.01
3,122,+-+,6642,5.4509324369e3,2.4868995752e-14,-1.4210854715e-14,1.903066e17,0.01
3,122,+--,6642,7.4673077769e2,-5.3290705182e-15,7.9936057773e-15,7.772682e16,0.01
3,122,-++,6642,7.4673077769e2,5.3290705182e-15,7.9936057773e-15,7.772682e16,0.01
3,122,-+-,6642,5.4509324369e3,-2.4868995752e-14,-1.4210854715e-14,1.903066e17,0.01
3,122,--+,6642,5.4509324369e3,-3.1974423109e-14,-4.2632564146e-14,1.022867e17,0.01
3,122,---,6642,2.5091833329e3,1.2434497876e-14,3.5527136788e-14,6.666210e16,0.01
3,122,ALL,53136,2.8315557969e4,0.0000000000e0,-2.6645352591e-14,1.062683e18,0.01
4,256,+++,30360,1.4701683070e4,-4.9960036108e-14,-1.7053025658e-13,8.273410e16,0.01
4,256,++-,30360,3.1643804911e4,-1.2168044350e-13,-6.2527760747e-13,4.967574e16,0.01
4,256,+-+,30360,3.1643804911e4,2.5668356329e-13,-7.1054273576e-13,4.188542e16,0.01
4,256,+--,30360,4.2432664673e3,-7.1054273576e-15,-1.4210854715e-14,2.670700e17,0.01
4,256,-++,30360,4.2432664673e3,7.1054273576e-15,-1.4210854715e-14,2.670700e17,0.01
4,256,-+-,30360,3.1643804911e4,-2.5668356329e-13,-7.1054273576e-13,4.188542e16,0.01
4,256,--+,30360,3.1643804911e4,1.2168044350e-13,-6.2527760747e-13,4.967574e16,0.01
4,256,---,30360,1.4701683070e4,4.9960036108e-14,-1.7053025658e-13,8.273410e16,0.01
4,256,ALL,242880,1.6446511872e5,0.0000000000e0,-3.0411229091e-12,5.408039e16,0.01
5,514,+++,122472,7.6173671884e4,7.5672801358e-13,3.5811353882e-12,2.081126e16,0.02
5,514,++-,122472,1.5961686503e5,4.9737991503e-13,3.6948222260e-12,4.281397e16,0.02
5,514,+-+,122472,1.5961686503e5,-1.1368683772e-13,-8.3559825725e-12,1.910034e16,0.02
5,514,+--,122472,2.1779279247e4,-1.7763568394e-14,-2.4158453016e-13,8.990907e16,0.02
5,514,-++,122472,2.1779279247e4,1.7763568394e-14,-2.4158453016e-13,8.990907e16,0.02
5,514,-+-,122472,1.5961686503e5,1.1368683772e-13,-8.3559825725e-12,1.910034e16,0.02
5,514,--+,122472,1.5961686503e5,-4.9737991503e-13,3.6948222260e-12,4.281397e16,0.02
5,514,---,122472,7.6173671884e4,-7.5672801358e-13,3.5811353882e-12,2.081126e16,0.02
5,514,ALL,979776,8.3437336239e5,0.0000000000e0,-2.6432189770e-12,3.156656e17,0.02
6,924,+++,398190,3.0195205367e5,-1.3784529074e-12,1.1368683772e-12,1.689918e17,0.10
6,924,++-,398190,6.2952950017e5,-1.6058265828e-12,1.6825651983e-11,3.724562e16,0.10
6,924,+-+,398190,6.2952950017e5,5.7553961597e-12,-1.0686562746e-11,5.186503e16,0.10
6,924,+--,398190,8.5611935259e4,-7.6738615462e-13,-4.8316906032e-13,9.440831e16,0.10
6,924,-++,398190,8.5611935259e4,7.6738615462e-13,-4.8316906032e-13,9.440831e16,0.10
6,924,-+-,398190,6.2952950017e5,-5.7553961597e-12,-1.0686562746e-11,5.186503e16,0.10
6,924,--+,398190,6.2952950017e5,1.6058265828e-12,1.6825651983e-11,3.724562e16,0.10
6,924,---,398190,3.0195205367e5,1.3784529074e-12,1.1368683772e-12,1.689918e17,0.10
6,924,ALL,3185520,3.2932459785e6,0.0000000000e0,1.3585577108e-11,2.424075e17,0.10
7,1418,+++,939930,8.2312284605e5,-5.4285465012e-12,-7.6397554949e-11,1.074711e16,0.22
7,1418,++-,939930,1.7127483455e6,-1.0032863429e-11,9.0949470177e-13,1.700167e17,0.22
7,1418,+-+,939930,1.7127483455e6,-3.9079850467e-12,2.5011104299e-11,6.765859e16,0.22
7,1418,+--,939930,2.3289420949e5,6.3415939167e-13,-2.2168933356e-12,1.010031e17,0.22
7,1418,-++,939930,2.3289420949e5,-6.3415939167e-13,-2.2168933356e-12,1.010031e17,0.22
7,1418,-+-,939930,1.7127483455e6,3.9079850467e-12,2.5011104299e-11,6.765859e16,0.22
7,1418,--+,939930,1.7127483455e6,1.0032863429e-11,9.0949470177e-13,1.700167e17,0.22
7,1418,---,939930,8.2312284605e5,5.4285465012e-12,-7.6397554949e-11,1.074711e16,0.22
7,1418,ALL,7519440,8.9630274929e6,0.0000000000e0,-1.0538769857e-10,8.504814e16,0.22
8,2108,+++,2079168,2.0800676406e6,5.5422333389e-12,-2.0918378141e-11,9.612088e16,0.42
8,2108,++-,2079168,4.3193250241e6,1.7649881556e-11,5.5479176808e-11,7.419093e16,0.42
8,2108,+-+,2079168,4.3193250241e6,-9.0665253083e-12,-4.5474735089e-11,9.314964e16,0.42
8,2108,+--,2079168,5.8727320956e5,2.7764457400e-12,-1.2505552149e-12,1.928594e17,0.42
8,2108,-++,2079168,5.8727320956e5,-2.7764457400e-12,-1.2505552149e-12,1.928594e17,0.42
8,2108,-+-,2079168,4.3193250241e6,9.0665253083e-12,-4.5474735089e-11,9.314964e16,0.42
8,2108,--+,2079168,4.3193250241e6,-1.7649881556e-11,5.5479176808e-11,7.419093e16,0.42
8,2108,---,2079168,2.0800676406e6,-5.5422333389e-12,-2.0918378141e-11,9.612088e16,0.42
8,2108,ALL,16633344,2.2611981797e7,0.0000000000e0,-2.4328983272e-11,9.294257e17,0.42
9,3070,+++,4411188,5.0077819416e6,-4.8316906032e-12,3.0922819860e-10,1.619248e16,0.74
9,3070,++-,4411188,1.0380391708e7,2.9444890970e-11,3.4742697608e-10,2.977118e16,0.74
9,3070,+-+,4411188,1.0380391708e7,-1.5461409930e-11,-9.0949470177e-11,1.125193e17,0.74
9,3070,+--,4411188,1.4123599831e6,-5.8264504332e-12,6.8212102633e-13,2.407605e17,0.74
9,3070,-++,4411188,1.4123599831e6,5.8264504332e-12,6.8212102633e-13,2.407605e17,0.74
9,3070,-+-,4411188,1.0380391708e7,1.5461409930e-11,-9.0949470177e-11,1.125193e17,0.74
9,3070,--+,4411188,1.0380391708e7,-2.9444890970e-11,3.4742697608e-10,2.977118e16,0.74
9,3070,---,4411188,5.0077819416e6,4.8316906032e-12,3.0922819860e-10,1.619248e16,0.74
9,3070,ALL,35289504,5.4361850682e7,0.0000000000e0,1.1327756511e-9,4.798995e16,0.74
10,4168,+++,8132526,1.0226996500e7,1.0917133864e-10,-7.4578565545e-10,1.356845e16,1.76
10,4168,++-,8132526,2.1185157086e7,3.5171865420e-11,-9.1313268058e-10,2.318333e16,1.76
10,4168,+-+,8132526,2.1185157086e7,-4.4258285925e-10,7.0940586738e-10,2.533674e16,1.76
10,4168,+--,8132526,2.8831881286e6,-7.2830630415e-12,-5.9117155615e-12,3.073639e17,1.76
10,4168,-++,8132526,2.8831881286e6,7.2830630415e-12,-5.9117155615e-12,3.073639e17,1.76
10,4168,-+-,8132526,2.1185157086e7,4.4258285925e-10,7.0940586738e-10,2.533674e16,1.76
10,4168,--+,8132526,2.1185157086e7,-3.5171865420e-11,-9.1313268058e-10,2.318333e16,1.76
10,4168,---,8132526,1.0226996500e7,-1.0917133864e-10,-7.4578565545e-10,1.356845e16,1.76
10,4168,ALL,65060208,1.1096099760e8,0.0000000000e0,-1.9108483684e-9,5.806897e16,1.76
11,5574,+++,14552466,2.0164110804e7,-2.8791191653e-11,-2.0372681320e-10,9.800241e16,2.17
11,5574,++-,14552466,4.1757242551e7,-5.1485926633e-11,-2.2700987756e-9,1.838973e16,2.17
11,5574,+-+,14552466,4.1757242551e7,-1.1667111721e-10,1.8626451492e-9,2.237440e16,2.17
11,5574,+--,14552466,5.6802771709e6,2.5352164812e-11,-7.0031092037e-11,7.626707e16,2.17
11,5574,-++,14552466,5.6802771709e6,-2.5352164812e-11,-7.0031092037e-11,7.626707e16,2.17
11,5574,-+-,14552466,4.1757242551e7,1.1667111721e-10,1.8626451492e-9,2.237440e16,2.17
11,5574,--+,14552466,4.1757242551e7,5.1485926633e-11,-2.2700987756e-9,1.838973e16,2.17
11,5574,---,14552466,2.0164110804e7,2.8791191653e-11,-2.0372681320e-10,9.800241e16,2.17
11,5574,ALL,116419728,2.1871774616e8,0.0000000000e0,-1.3624230633e-9,1.605359e17,2.17
12,7152,+++,23967252,3.6087926251e7,-2.3034374408e-10,6.4756022766e-10,5.250618e16,2.78
12,7152,++-,23967252,7.4720829113e7,-2.6938096198e-10,-4.4092303142e-9,1.691492e16,2.78
12,7152,+-+,23967252,7.4720829113e7,-6.2320282268e-10,-7.4942363426e-10,7.666125e16,2.78
12,7152,+--,23967252,1.0161291536e7,6.2989613525e-12,1.2914824765e-10,7.858587e16,2.78
12,7152,-++,23967252,1.0161291536e7,-6.2989613525e-12,1.2914824765e-10,7.858587e16,2.78
12,7152,-+-,23967252,7.4720829113e7,6.2320282268e-10,-7.4942363426e-10,7.666125e16,2.78
12,7152,--+,23967252,7.4720829113e7,2.6938096198e-10,-4.4092303142e-9,1.691492e16,2.78
12,7152,---,23967252,3.6087926251e7,2.3034374408e-10,6.4756022766e-10,5.250618e16,2.78
12,7152,ALL,191738016,3.9138175203e8,0.0000000000e0,-8.7638909463e-9,4.465845e16,2.78
13,9170,+++,39395748,6.4463359735e7,-1.7712409317e-10,-6.6938810050e-10,9.309787e16,4.22
13,9170,++-,39395748,1.3341007674e8,-5.5661075749e-10,6.4173946157e-9,2.071106e16,4.22
13,9170,+-+,39395748,1.3341007674e8,1.4578063201e-9,-5.9517333284e-9,2.177175e16,4.22
13,9170,+--,39395748,1.8149737266e7,-1.9824142328e-12,2.8012436815e-10,6.479009e16,4.22
13,9170,-++,39395748,1.8149737266e7,1.9824142328e-12,2.8012436815e-10,6.479009e16,4.22
13,9170,-+-,39395748,1.3341007674e8,-1.4578063201e-9,-5.9517333284e-9,2.177175e16,4.22
13,9170,--+,39395748,1.3341007674e8,5.5661075749e-10,6.4173946157e-9,2.071106e16,4.22
13,9170,---,39395748,6.4463359735e7,1.7712409317e-10,-6.6938810050e-10,9.309787e16,4.22
13,9170,ALL,315165984,6.9886650096e8,0.0000000000e0,1.5279510990e-10,4.573880e18,4.22
14,11512,+++,62098926,1.0962033438e8,4.9112713896e-11,-3.6525307223e-9,3.000945e16,5.66
14,11512,++-,62098926,2.2684335478e8,-1.3510543795e-9,1.3824319467e-9,1.173534e17,5.66
14,11512,+-+,62098926,2.2684335478e8,3.3760443330e-9,9.8370946944e-9,2.181125e16,5.66
14,11512,+--,62098926,3.0857422735e7,-1.0731326938e-10,-1.4042598195e-9,2.191027e16,5.66
14,11512,-++,62098926,3.0857422735e7,1.0731326938e-10,-1.4042598195e-9,2.191027e16,5.66
14,11512,-+-,62098926,2.2684335478e8,-3.3760443330e-9,9.8370946944e-9,2.181125e16,5.66
14,11512,--+,62098926,2.2684335478e8,1.3510543795e-9,1.3824319467e-9,1.173534e17,5.66
14,11512,---,62098926,1.0962033438e8,-4.9112713896e-11,-3.6525307223e-9,3.000945e16,5.66
14,11512,ALL,496791408,1.1883289334e9,0.0000000000e0,1.2325472198e-8,9.641245e16,5.66
