n,r3
0,1
1,6
2,12
3,8
4,6
5,24
6,24
7,0
8,12
9,30
10,24
11,24
12,8
13,24
14,48
15,0
16,6
17,48
18,36
19,24
20,24
21,48
22,24
23,0
24,24
25,30
26,72
27,32
28,0
29,72
30,48
31,0
32,12
33,48
34,48
35,48
36,30
37,24
38,72
39,0
40,24
41,96
42,48
43,24
44,24
45,72
46,48
47,0
48,8
49,54
50,84
51,48
52,24
53,72
54,96
55,0
56,48
57,48
58,24
59,72
60,0
61,72
62,96
63,0
64,6
65,96
66,96
67,24
68,48
69,96
70,48
71,0
72,36
73,48
74,120
75,56
76,24
77,96
78,48
79,0
80,24
81,102
82,48
83,72
84,48
85,48
86,120
87,0
88,24
89,144
90,120
91,48
92,0
93,48
94,96
95,0
96,24
97,48
98,108
99,72
100,30
101,168
102,48
103,0
104,72
105,96
106,72
107,72
108,32
109,72
110,144
111,0
112,0
113,96
114,96
115,48
116,72
117,120
118,72
119,0
120,48
121,78
122,120
123,48
124,0
125,144
126,144
127,0
128,12
129,144
130,48
131,120
132,48
133,48
134,168
135,0
136,48
137,96
138,96
139,72
140,48
141,96
142,48
143,0
144,30
145,96
146,192
147,56
148,24
149,168
150,120
151,0
152,72
153,144
154,96
155,96
156,0
157,72
158,96
159,0
160,24
161,192
162,108
163,24
164,96
165,96
166,120
167,0
168,48
169,78
170,144
171,120
172,24
173,168
174,144
175,0
176,24
177,48
178,96
179,120
180,72
181,120
182,144
183,0
184,48
185,192
186,144
187,48
188,0
189,192
190,48
191,0
192,8
193,48
194,240
195,96
196,54
197,120
198,120
199,0
200,84
201,144
202,72
203,96
204,48
205,96
206,240
207,0
208,24
209,240
210,96
211,72
212,72
213,96
214,72
215,0
216,96
217,96
218,120
219,96
220,0
221,192
222,144
223,0
224,48
225,150
226,96
227,120
228,48
229,120
230,240
231,0
232,24
233,144
234,216
235,48
236,72
237,144
238,96
239,0
240,0
241,144
242,132
243,104
244,72
245,168
246,144
247,0
248,96
249,144
250,144
251,168
252,0
253,48
254,192
255,0
256,6
257,192
258,96
259,96
260,96
261,216
262,72
263,0
264,96
265,96
266,240
267,48
268,24
269,264
270,192
271,0
272,48
273,96
274,144
275,120
276,96
277,72
278,168
279,0
280,48
281,240
282,96
283,72
284,0
285,192
286,144
287,0
288,36
289,102
290,240
291,96
292,48
293,216
294,168
295,0
296,120
297,192
298,72
299,192
300,56
301,96
302,144
303,0
304,24
305,192
306,240
307,72
308,96
309,144
310,96
311,0
312,48
313,96
314,312
315,144
316,0
317,120
318,144
319,0
320,24
321,240
322,96
323,96
324,102
325,168
326,264
327,0
328,48
329,288
330,96
331,72
332,72
333,120
334,144
335,0
336,48
337,96
338,180
339,144
340,48
341,336
342,216
343,0
344,120
345,96
346,120
347,120
348,0
349,168
350,240
351,0
352,24
353,192
354,192
355,96
356,144
357,96
358,72
359,0
360,120
361,126
362,216
363,104
364,48
365,240
366,144
367,0
368,0
369,288
370,144
371,192
372,48
373,120
374,336
375,0
376,96
377,192
378,192
379,72
380,0
381,240
382,96
383,0
384,24
385,96
386,240
387,120
388,48
389,264
390,192
391,0
392,108
393,144
394,120
395,192
396,72
397,72
398,240
399,0
400,30
401,240
402,192
403,48
404,168
405,216
406,192
407,0
408,48
409,192
410,192
411,144
412,0
413,240
414,240
415,0
416,72
417,144
418,96
419,216
420,96
421,120
422,120
423,0
424,72
425,336
426,288
427,48
428,72
429,192
430,144
431,0
432,32
433,144
434,288
435,96
436,72
437,240
438,96
439,0
440,144
441,270
442,96
443,120
444,0
445,96
446,384
447,0
448,0
449,240
450,252
451,144
452,96
453,144
454,168
455,0
456,96
457,96
458,312
459,192
460,48
461,360
462,96
463,0
464,72
465,192
466,96
467,168
468,120
469,192
470,240
471,0
472,72
473,144
474,240
475,120
476,0
477,216
478,96
479,0
480,48
481,192
482,240
483,96
484,78
485,240
486,312
487,0
488,120
489,240
490,168
491,216
492,48
493,144
494,336
495,0
496,0
497,288
498,96
499,72
500,144
501,192
502,168
503,0
504,144
505,96
506,336
507,104
508,0
509,360
510,192
511,0
512,12
513,192
514,192
515,144
516,144
517,144
518,192
519,0
520,48
521,384
522,120
523,120
524,120
525,240
526,144
527,0
528,48
529,150
530,336
531,216
532,48
533,144
534,240
535,0
536,168
537,144
538,120
539,216
540,0
541,120
542,288
543,0
544,48
545,384
546,288
547,72
548,96
549,360
550,168
551,0
552,96
553,96
554,264
555,96
556,72
557,216
558,288
559,0
560,48
561,192
562,96
563,216
564,96
565,144
566,360
567,0
568,48
569,384
570,192
571,120
572,0
573,192
574,192
575,0
576,30
577,96
578,204
579,192
580,96
581,336
582,192
583,0
584,192
585,288
586,216
587,168
588,56
589,192
590,240
591,0
592,24
593,288
594,384
595,96
596,168
597,144
598,96
599,0
600,120
601,240
602,288
603,120
604,0
605,312
606,144
607,0
608,72
609,192
610,144
611,240
612,144
613,120
614,408
615,0
616,96
617,144
618,144
619,120
620,96
621,384
622,144
623,0
624,0
625,150
626,432
627,96
628,72
629,432
630,240
631,0
632,96
633,240
634,168
635,240
636,0
637,168
638,240
639,0
640,24
641,336
642,192
643,72
644,192
645,192
646,192
647,0
648,108
649,240
650,360
651,192
652,24
653,168
654,336
655,0
656,96
657,240
658,96
659,264
660,96
661,216
662,264
663,0
664,120
665,288
666,360
667,96
668,0
669,144
670,144
671,0
672,48
673,144
674,288
675,224
676,78
677,360
678,240
679,0
680,144
681,240
682,144
683,120
684,120
685,144
686,384
687,0
688,24
689,480
690,192
691,120
692,168
693,288
694,120
695,0
696,144
697,96
698,312
699,240
700,0
701,408
702,192
703,0
704,24
705,288
706,288
707,144
708,48
709,120
710,384
711,0
712,96
713,288
714,288
715,96
716,120
717,192
718,144
719,0
720,72
721,192
722,228
723,96
724,120
725,360
726,264
727,0
728,144
729,318
730,144
731,288
732,0
733,168
734,480
735,0
736,48
737,240
738,240
739,120
740,192
741,288
742,96
743,0
744,144
745,192
746,312
747,216
748,48
749,384
750,288
751,0
752,0
753,144
754,240
755,288
756,192
757,120
758,264
759,0
760,48
761,480
762,144
763,96
764,0
765,240
766,288
767,0
768,8
769,240
770,384
771,144
772,48
773,312
774,360
775,0
776,240
777,192
778,168
779,240
780,96
781,240
782,288
783,0
784,54
785,192
786,192
787,120
788,120
789,384
790,192
791,0
792,120
793,96
794,504
795,96
796,0
797,360
798,192
799,0
800,84
801,432
802,144
803,240
804,144
805,192
806,336
807,0
808,72
809,384
810,408
811,168
812,96
813,144
814,144
815,0
816,48
817,144
818,336
819,240
820,96
821,360
822,240
823,0
824,240
825,336
826,144
827,168
828,0
829,264
830,240
831,0
832,24
833,336
834,192
835,144
836,240
837,192
838,168
839,0
840,96
841,174
842,312
843,144
844,72
845,360
846,480
847,0
848,72
849,336
850,240
851,240
852,96
853,120
854,528
855,0
856,72
857,384
858,192
859,168
860,0
861,288
862,96
863,0
864,96
865,192
866,528
867,152
868,96
869,384
870,192
871,0
872,120
873,240
874,240
875,288
876,96
877,120
878,240
879,0
880,0
881,480
882,324
883,72
884,192
885,288
886,216
887,0
888,144
889,192
890,288
891,216
892,0
893,336
894,336
895,0
896,48
897,192
898,144
899,336
900,150
901,288
902,336
903,0
904,96
905,288
906,336
907,72
908,120
909,504
910,192
911,0
912,48
913,144
914,432
915,192
916,120
917,240
918,192
919,0
920,240
921,240
922,216
923,240
924,0
925,168
926,480
927,0
928,24
929,432
930,288
931,168
932,144
933,192
934,312
935,0
936,216
937,240
938,192
939,192
940,48
941,552
942,144
943,0
944,72
945,384
946,192
947,120
948,144
949,144
950,504
951,0
952,96
953,384
954,360
955,96
956,0
957,192
958,192
959,0
960,0
961,198
962,336
963,216
964,144
965,528
966,288
967,0
968,132
969,288
970,144
971,360
972,104
973,144
974,432
975,0
976,72
977,240
978,288
979,192
980,168
981,360
982,120
983,0
984,144
985,288
986,528
987,192
988,0
989,432
990,432
991,0
992,96
993,144
994,192
995,192
996,144
997,168
998,312
999,0
1000,144
1001,480
1002,192
1003,96
1004,168
1005,192
1006,240
1007,0
1008,0
1009,240
1010,336
1011,288
1012,48
1013,312
1014,360
1015,0
1016,192
1017,288
1018,216
1019,312
1020,0
1021,264
1022,384
1023,0
1024,6
1025,480
1026,384
1027,96
1028,192
1029,384
1030,144
1031,0
1032,96
1033,144
1034,528
1035,240
1036,96
1037,240
1038,144
1039,0
1040,96
1041,432
1042,144
1043,192
1044,216
1045,192
1046,504
1047,0
1048,72
1049,528
1050,336
1051,120
1052,0
1053,408
1054,192
1055,0
1056,96
1057,192
1058,300
1059,144
1060,96
1061,312
1062,360
1063,0
1064,240
1065,192
1066,240
1067,288
1068,48
1069,360
1070,432
1071,0
1072,24
1073,288
1074,384
1075,168
1076,264
1077,288
1078,216
1079,0
1080,192
1081,192
1082,264
1083,152
1084,0
1085,384
1086,336
1087,0
1088,48
1089,390
1090,144
1091,408
1092,96
1093,120
1094,312
1095,0
1096,144
1097,432
1098,360
1099,144
1100,120
1101,336
1102,240
1103,0
1104,96
1105,192
1106,576
1107,192
1108,72
1109,600
1110,192
1111,0
1112,168
1113,192
1114,264
1115,240
1116,0
1117,168
1118,432
1119,0
1120,48
1121,528
1122,192
1123,120
1124,240
1125,432
1126,264
1127,0
1128,96
1129,192
1130,528
1131,192
1132,72
1133,336
1134,432
1135,0
1136,0
1137,240
1138,144
1139,384
1140,192
1141,288
1142,216
1143,0
1144,144
1145,288
1146,384
1147,144
1148,0
1149,192
1150,240
1151,0
1152,36
1153,192
1154,672
1155,192
1156,102
1157,336
1158,288
1159,0
1160,240
1161,576
1162,144
1163,168
1164,96
1165,240
1166,432
1167,0
1168,48
1169,576
1170,240
1171,168
1172,216
1173,288
1174,360
1175,0
1176,168
1177,144
1178,192
1179,360
1180,0
1181,552
1182,240
1183,0
1184,120
1185,192
1186,288
1187,216
1188,192
1189,240
1190,480
1191,0
1192,72
1193,432
1194,336
1195,192
1196,192
1197,240
1198,144
1199,0
1200,56
1201,192
1202,288
1203,144
1204,96
1205,480
1206,504
1207,0
1208,144
1209,480
1210,264
1211,336
1212,0
1213,120
1214,480
1215,0
1216,24
1217,384
1218,288
1219,144
1220,192
1221,384
1222,144
1223,0
1224,240
1225,270
1226,504
1227,96
1228,72
1229,456
1230,288
1231,0
1232,96
1233,288
1234,288
1235,288
1236,144
1237,168
1238,504
1239,0
1240,96
1241,384
1242,384
1243,96
1244,0
1245,384
1246,192
1247,0
1248,48
1249,384
1250,444
1251,360
1252,96
1253,384
1254,288
1255,0
1256,312
1257,240
1258,144
1259,360
1260,144
1261,240
1262,432
1263,0
1264,0
1265,480
1266,384
1267,144
1268,120
1269,384
1270,240
1271,0
1272,144
1273,240
1274,504
1275,240
1276,0
1277,408
1278,240
1279,0
1280,24
1281,288
1282,144
1283,264
1284,240
1285,144
1286,696
1287,0
1288,96
1289,432
1290,192
1291,216
1292,96
1293,288
1294,336
1295,0
1296,102
1297,144
1298,384
1299,192
1300,168
1301,600
1302,192
1303,0
1304,264
1305,480
1306,216
1307,264
1308,0
1309,288
1310,432
1311,0
1312,48
1313,288
1314,576
1315,144
1316,288
1317,240
1318,120
1319,0
1320,96
1321,288
1322,504
1323,224
1324,72
1325,504
1326,480
1327,0
1328,72
1329,432
1330,288
1331,288
1332,120
1333,240
1334,384
1335,0
1336,144
1337,288
1338,240
1339,192
1340,0
1341,504
1342,240
1343,0
1344,48
1345,192
1346,336
1347,144
1348,96
1349,672
1350,480
1351,0
1352,180
1353,192
1354,264
1355,288
1356,144
1357,192
1358,288
1359,0
1360,48
1361,720
1362,288
1363,144
1364,336
1365,192
1366,216
1367,0
1368,216
1369,222
1370,528
1371,288
1372,0
1373,216
1374,336
1375,0
1376,120
1377,432
1378,240
1379,384
1380,96
1381,312
1382,456
1383,0
1384,120
1385,576
1386,480
1387,96
1388,120
1389,336
1390,240
1391,0
1392,0
1393,192
1394,576
1395,288
1396,168
1397,288
1398,240
1399,0
1400,240
1401,336
1402,168
1403,336
1404,0
1405,288
1406,528
1407,0
1408,24
1409,432
1410,384
1411,96
1412,192
1413,360
1414,336
1415,0
1416,192
1417,192
1418,408
1419,288
1420,96
1421,648
1422,288
1423,0
1424,144
1425,336
1426,384
1427,360
1428,96
1429,264
1430,384
1431,0
1432,72
1433,432
1434,384
1435,96
1436,0
1437,288
1438,192
1439,0
1440,120
1441,336
1442,288
1443,192
1444,126
1445,456
1446,384
1447,0
1448,216
1449,576
1450,168
1451,312
1452,104
1453,168
1454,720
1455,0
1456,48
1457,288
1458,324
1459,264
1460,240
1461,336
1462,192
1463,0
1464,144
1465,192
1466,696
1467,120
1468,0
1469,672
1470,432
1471,0
1472,0
1473,336
1474,192
1475,360
1476,288
1477,192
1478,360
1479,0
1480,144
1481,624
1482,288
1483,168
1484,192
1485,384
1486,240
1487,0
1488,48
1489,240
1490,432
1491,288
1492,120
1493,264
1494,600
1495,0
1496,336
1497,240
1498,192
1499,312
1500,0
1501,288
1502,288
1503,0
1504,96
1505,480
1506,288
1507,96
1508,192
1509,480
1510,192
1511,0
1512,192
1513,192
1514,600
1515,288
1516,72
1517,576
1518,288
1519,0
1520,0
1521,390
1522,240
1523,168
1524,240
1525,360
1526,576
1527,0
1528,96
1529,624
1530,432
1531,264
1532,0
1533,288
1534,240
1535,0
1536,24
1537,192
1538,528
1539,408
1540,96
1541,432
1542,240
1543,0
1544,240
1545,288
1546,408
1547,288
1548,120
1549,216
1550,672
1551,0
1552,48
1553,480
1554,288
1555,96
1556,264
1557,504
1558,144
1559,0
1560,192
1561,384
1562,336
1563,144
1564,0
1565,336
1566,576
1567,0
1568,108
1569,336
1570,240
1571,408
1572,144
1573,264
1574,648
1575,0
1576,120
1577,336
1578,192
1579,216
1580,192
1581,480
1582,192
1583,0
1584,72
1585,288
1586,528
1587,200
1588,72
1589,624
1590,384
1591,0
1592,240
1593,192
1594,408
1595,384
1596,0
1597,168
1598,384
1599,0
1600,30
1601,672
1602,480
1603,144
1604,240
1605,192
1606,336
1607,0
1608,192
1609,336
1610,384
1611,360
1612,48
1613,504
1614,336
1615,0
1616,168
1617,336
1618,144
1619,360
1620,216
1621,216
1622,360
1623,0
1624,192
1625,576
1626,240
1627,168
1628,0
1629,600
1630,336
1631,0
1632,48
1633,192
1634,768
1635,192
1636,192
1637,456
1638,432
1639,0
1640,192
1641,528
1642,168
1643,240
1644,144
1645,192
1646,528
1647,0
1648,0
1649,576
1650,480
1651,192
1652,240
1653,192
1654,264
1655,0
1656,240
1657,192
1658,504
1659,192
1660,0
1661,576
1662,240
1663,0
1664,72
1665,576
1666,336
1667,312
1668,144
1669,312
1670,336
1671,0
1672,96
1673,384
1674,576
1675,168
1676,216
1677,192
1678,240
1679,0
1680,96
1681,246
1682,372
1683,240
1684,120
1685,624
1686,528
1687,0
1688,120
1689,432
1690,312
1691,432
1692,0
1693,264
1694,624
1695,0
1696,72
1697,336
1698,192
1699,264
1700,336
1701,624
1702,240
1703,0
1704,288
1705,192
1706,696
1707,240
1708,48
1709,504
1710,240
1711,0
1712,72
1713,432
1714,240
1715,384
1716,192
1717,192
1718,552
1719,0
1720,144
1721,624
1722,288
1723,120
1724,0
1725,480
1726,288
1727,0
1728,32
1729,288
1730,432
1731,192
1732,144
1733,408
1734,456
1735,0
1736,288
1737,240
1738,192
1739,480
1740,96
1741,312
1742,528
1743,0
1744,72
1745,480
1746,720
1747,120
1748,240
1749,480
1750,288
1751,0
1752,96
1753,240
1754,456
1755,384
1756,0
1757,336
1758,240
1759,0
1760,144
1761,240
1762,288
1763,288
1764,270
1765,240
1766,600
1767,0
1768,96
1769,768
1770,480
1771,192
1772,120
1773,360
1774,240
1775,0
1776,0
1777,288
1778,480
1779,240
1780,96
1781,816
1782,408
1783,0
1784,384
1785,384
1786,240
1787,168
1788,0
1789,312
1790,624
1791,0
1792,0
1793,432
1794,384
1795,192
1796,240
1797,288
1798,240
1799,0
1800,252
1801,336
1802,384
1803,192
1804,144
1805,504
1806,480
1807,0
1808,96
1809,576
1810,240
1811,552
1812,144
1813,216
1814,552
1815,0
1816,168
1817,480
1818,360
1819,240
1820,0
1821,432
1822,192
1823,0
1824,96
1825,336
1826,672
1827,288
1828,96
1829,480
1830,288
1831,0
1832,312
1833,288
1834,432
1835,240
1836,192
1837,288
1838,336
1839,0
1840,48
1841,480
1842,192
1843,144
1844,360
1845,480
1846,336
1847,0
1848,96
1849,270
1850,600
1851,336
1852,0
1853,432
1854,720
1855,0
1856,72
1857,240
1858,240
1859,360
1860,192
1861,456
1862,504
1863,0
1864,96
1865,576
1866,384
1867,120
1868,168
1869,480
1870,192
1871,0
1872,120
1873,144
1874,672
1875,296
1876,192
1877,408
1878,288
1879,0
1880,240
1881,720
1882,216
1883,336
1884,0
1885,192
1886,768
1887,0
1888,72
1889,864
1890,384
1891,240
1892,144
1893,240
1894,360
1895,0
1896,240
1897,192
1898,336
1899,360
1900,120
1901,504
1902,432
1903,0
1904,0
1905,288
1906,240
1907,312
1908,216
1909,336
1910,672
1911,0
1912,96
1913,432
1914,576
1915,144
1916,0
1917,384
1918,192
1919,0
1920,48
1921,480
1922,396
1923,240
1924,192
1925,672
1926,360
1927,0
1928,240
1929,336
1930,240
1931,504
1932,96
1933,216
1934,624
1935,0
1936,78
1937,576
1938,384
1939,192
1940,240
1941,288
1942,264
1943,0
1944,312
1945,192
1946,816
1947,192
1948,0
1949,840
1950,336
1951,0
1952,120
1953,480
1954,336
1955,288
1956,240
1957,192
1958,384
1959,0
1960,168
1961,384
1962,360
1963,144
1964,216
1965,480
1966,432
1967,0
1968,48
1969,240
1970,624
1971,384
1972,144
1973,504
1974,384
1975,0
1976,336
1977,432
1978,144
1979,552
1980,0
1981,240
1982,288
1983,0
1984,0
1985,480
1986,576
1987,168
1988,288
1989,576
1990,288
1991,0
1992,96
1993,288
1994,648
1995,192
1996,72
1997,504
1998,576
1999,0
2000,144
2001,576
2002,192
2003,216
2004,192
2005,384
2006,576
2007,0
2008,168
2009,672
2010,384
2011,168
2012,0
2013,192
2014,432
2015,0
2016,144
2017,144
2018,336
2019,384
2020,96
2021,816
2022,288
2023,0
2024,336
2025,510
2026,408
2027,264
2028,104
2029,408
2030,480
2031,0
2032,0
2033,336
2034,480
2035,192
2036,360
2037,288
2038,216
2039,0
2040,192
2041,384
2042,600
2043,360
2044,0
2045,576
2046,384
2047,0
2048,12
2049,432
2050,336
2051,432
2052,192
2053,216
2054,864
2055,0
2056,192
2057,528
2058,384
2059,192
2060,144
2061,600
2062,144
2063,0
2064,144
2065,288
2066,672
2067,192
2068,144
2069,456
2070,720
2071,0
2072,192
2073,240
2074,240
2075,504
2076,0
2077,192
2078,480
2079,0
2080,48
2081,720
2082,288
2083,168
2084,384
2085,384
2086,288
2087,0
2088,120
2089,528
2090,576
2091,288
2092,120
2093,480
2094,336
2095,0
2096,120
2097,432
2098,288
2099,456
2100,240
2101,240
2102,312
2103,0
2104,144
2105,576
2106,648
2107,216
2108,0
2109,480
2110,336
2111,0
2112,48
2113,192
2114,672
2115,240
2116,150
2117,432
2118,240
2119,0
2120,336
2121,480
2122,216
2123,336
2124,216
2125,288
2126,720
2127,0
2128,48
2129,672
2130,384
2131,312
2132,144
2133,576
2134,384
2135,0
2136,240
2137,192
2138,504
2139,192
2140,0
2141,936
2142,480
2143,0
2144,168
2145,384
2146,336
2147,336
2148,144
2149,336
2150,600
2151,0
2152,120
2153,384
2154,480
2155,288
2156,216
2157,288
2158,240
2159,0
2160,0
2161,432
2162,672
2163,192
2164,120
2165,336
2166,504
2167,0
2168,288
2169,720
2170,192
2171,336
2172,0
2173,240
2174,768
2175,0
2176,48
2177,480
2178,396
2179,168
2180,384
2181,432
2182,264
2183,0
2184,288
2185,288
2186,504
2187,320
2188,72
2189,720
2190,288
2191,0
2192,96
2193,288
2194,384
2195,384
2196,360
2197,336
2198,432
2199,0
2200,168
2201,768
2202,240
2203,120
2204,0
2205,504
2206,384
2207,0
2208,96
2209,294
2210,672
2211,384
2212,96
2213,504
2214,576
2215,0
2216,264
2217,336
2218,312
2219,576
2220,96
2221,216
2222,624
2223,0
2224,72
2225,720
2226,480
2227,144
2228,216
2229,576
2230,240
2231,0
2232,288
2233,192
2234,408
2235,288
2236,0
2237,360
2238,336
2239,0
2240,48
2241,576
2242,192
2243,360
2244,192
2245,384
2246,936
2247,0
2248,96
2249,480
2250,720
2251,168
2252,216
2253,432
2254,432
2255,0
2256,96
2257,288
2258,336
2259,504
2260,144
2261,864
2262,288
2263,0
2264,360
2265,384
2266,432
2267,264
2268,0
2269,360
2270,336
2271,0
2272,48
2273,576
2274,672
2275,240
2276,384
2277,240
2278,288
2279,0
2280,192
2281,240
2282,480
2283,144
2284,120
2285,720
2286,576
2287,0
2288,0
2289,384
2290,240
2291,432
2292,192
2293,168
2294,912
2295,0
2296,192
2297,480
2298,384
2299,264
2300,0
2301,576
2302,192
2303,0
2304,30
2305,288
2306,768
2307,192
2308,96
2309,792
2310,384
2311,0
2312,204
2313,576
2314,336
2315,432
2316,192
2317,288
2318,432
2319,0
2320,96
2321,720
2322,384
2323,192
2324,336
2325,336
2326,264
2327,0
2328,192
2329,384
2330,720
2331,480
2332,0
2333,408
2334,528
2335,0
2336,192
2337,384
2338,288
2339,456
2340,288
2341,360
2342,504
2343,0
2344,216
2345,672
2346,288
2347,120
2348,168
2349,648
2350,480
2351,0
2352,56
2353,192
2354,672
2355,288
2356,192
2357,504
2358,360
2359,0
2360,240
2361,432
2362,312
2363,240
2364,0
2365,384
2366,624
2367,0
2368,24
2369,864
2370,288
2371,312
2372,288
2373,288
2374,264
2375,0
2376,384
2377,192
2378,720
2379,384
2380,96
2381,456
2382,336
2383,0
2384,168
2385,480
2386,384
2387,288
2388,144
2389,408
2390,576
2391,0
2392,96
2393,720
2394,720
2395,192
2396,0
2397,384
2398,240
2399,0
2400,120
2401,390
2402,480
2403,192
2404,240
2405,480
2406,720
2407,0
2408,288
2409,480
2410,192
2411,552
2412,120
2413,288
2414,864
2415,0
2416,0
2417,432
2418,288
2419,192
2420,312
2421,792
2422,240
2423,0
2424,144
2425,336
2426,648
2427,336
2428,0
2429,672
2430,624
2431,0
2432,72
2433,240
2434,384
2435,528
2436,192
2437,216
2438,336
2439,0
2440,144
2441,912
2442,384
2443,144
2444,240
2445,384
2446,336
2447,0
2448,144
2449,480
2450,756
2451,192
2452,120
2453,624
2454,384
2455,0
2456,408
2457,384
2458,216
2459,456
2460,0
2461,432
2462,384
2463,0
2464,96
2465,384
2466,720
2467,168
2468,144
2469,624
2470,384
2471,0
2472,144
2473,240
2474,936
2475,360
2476,120
2477,456
2478,384
2479,0
2480,96
2481,624
2482,288
2483,480
2484,384
2485,288
2486,672
2487,0
2488,144
2489,528
2490,384
2491,288
2492,0
2493,360
2494,240
2495,0
2496,0
2497,336
2498,480
2499,432
2500,150
2501,672
2502,504
2503,0
2504,432
2505,480
2506,384
2507,336
2508,96
2509,336
2510,624
2511,0
2512,72
2513,384
2514,480
2515,144
2516,432
2517,288
2518,360
2519,0
2520,240
2521,384
2522,432
2523,248
2524,0
2525,840
2526,720
2527,0
2528,96
2529,720
2530,288
2531,408
2532,240
2533,192
2534,720
2535,0
2536,168
2537,720
2538,384
2539,264
2540,240
2541,528
2542,192
2543,0
2544,0
2545,288
2546,768
2547,360
2548,168
2549,840
2550,336
2551,0
2552,240
2553,288
2554,456
2555,288
2556,0
2557,216
2558,768
2559,0
2560,24
2561,768
2562,288
2563,144
2564,336
2565,768
2566,216
2567,0
2568,192
2569,384
2570,528
2571,336
2572,72
2573,528
2574,720
2575,0
2576,192
2577,240
2578,192
2579,504
2580,192
2581,432
2582,600
2583,0
2584,192
2585,480
2586,672
2587,192
2588,0
2589,384
2590,288
2591,0
2592,108
2593,288
2594,528
2595,288
2596,240
2597,648
2598,288
2599,0
2600,360
2601,510
2602,312
2603,480
2604,192
2605,192
2606,720
2607,0
2608,24
2609,1008
2610,720
2611,192
2612,168
2613,288
2614,552
2615,0
2616,336
2617,384
2618,480
2619,384
2620,0
2621,744
2622,288
2623,0
2624,96
2625,576
2626,432
2627,288
2628,240
2629,288
2630,720
2631,0
2632,96
2633,384
2634,432
2635,288
2636,264
2637,648
2638,240
2639,0
2640,96
2641,240
2642,624
2643,240
2644,216
2645,552
2646,672
2647,0
2648,264
2649,528
2650,360
2651,624
2652,0
2653,288
2654,576
2655,0
2656,120
2657,384
2658,288
2659,312
2660,288
2661,576
2662,288
2663,0
2664,360
2665,384
2666,816
2667,192
2668,96
2669,768
2670,480
2671,0
2672,0
2673,624
2674,384
2675,504
2676,144
2677,264
2678,480
2679,0
2680,144
2681,864
2682,360
2683,120
2684,0
2685,288
2686,384
2687,0
2688,48
2689,288
2690,720
2691,576
2692,144
2693,504
2694,720
2695,0
2696,288
2697,288
2698,288
2699,360
2700,224
2701,576
2702,576
2703,0
2704,78
2705,864
2706,384
2707,168
2708,360
2709,480
2710,288
2711,0
2712,240
2713,288
2714,960
2715,192
2716,0
2717,384
2718,432
2719,0
2720,144
2721,624
2722,240
2723,288
2724,240
2725,360
2726,816
2727,0
2728,144
2729,960
2730,384
2731,264
2732,120
2733,384
2734,336
2735,0
2736,120
2737,192
2738,468
2739,384
2740,144
2741,696
2742,384
2743,0
2744,384
2745,576
2746,456
2747,432
2748,0
2749,504
2750,864
2751,0
2752,24
2753,336
2754,816
2755,192
2756,480
2757,528
2758,288
2759,0
2760,192
2761,336
2762,312
2763,360
2764,120
2765,672
2766,336
2767,0
2768,168
2769,480
2770,432
2771,624
2772,288
2773,192
2774,672
2775,0
2776,120
2777,480
2778,432
2779,336
2780,0
2781,576
2782,336
2783,0
2784,144
2785,384
2786,864
2787,144
2788,96
2789,984
2790,480
2791,0
2792,312
2793,432
2794,288
2795,288
2796,240
2797,216
2798,528
2799,0
2800,0
2801,720
2802,288
2803,216
2804,408
2805,576
2806,432
2807,0
2808,192
2809,318
2810,480
2811,384
2812,0
2813,720
2814,480
2815,0
2816,24
2817,480
2818,240
2819,504
2820,288
2821,384
2822,576
2823,0
2824,288
2825,672
2826,936
2827,192
2828,144
2829,384
2830,240
2831,0
2832,48
2833,384
2834,1008
2835,432
2836,120
2837,552
2838,480
2839,0
2840,384
2841,528
2842,216
2843,360
2844,0
2845,384
2846,864
2847,0
2848,96
2849,768
2850,480
2851,264
2852,288
2853,360
2854,312
2855,0
2856,288
2857,240
2858,456
2859,432
2860,96
2861,792
2862,576
2863,0
2864,120
2865,384
2866,480
2867,288
2868,192
2869,480
2870,672
2871,0
2872,144
2873,624
2874,480
2875,288
2876,0
2877,480
2878,192
2879,0
2880,72
2881,336
2882,768
2883,248
2884,192
2885,432
2886,480
2887,0
2888,228
2889,960
2890,456
2891,504
2892,96
2893,192
2894,816
2895,0
2896,120
2897,432
2898,480
2899,240
2900,360
2901,624
2902,216
2903,0
2904,264
2905,288
2906,792
2907,288
2908,0
2909,840
2910,480
2911,0
2912,144
2913,336
2914,288
2915,576
2916,318
2917,264
2918,408
2919,0
2920,144
2921,768
2922,528
2923,144
2924,288
2925,840
2926,480
2927,0
2928,0
2929,480
2930,336
2931,336
2932,168
2933,528
2934,792
2935,0
2936,480
2937,288
2938,288
2939,696
2940,0
2941,336
2942,480
2943,0
2944,48
2945,768
2946,384
2947,192
2948,240
2949,384
2950,504
2951,0
2952,240
2953,288
2954,960
2955,288
2956,120
2957,648
2958,384
2959,0
2960,192
2961,864
2962,192
2963,312
2964,288
2965,240
2966,1032
2967,0
2968,96
2969,624
2970,384
2971,264
2972,0
2973,336
2974,576
2975,0
2976,144
2977,288
2978,720
2979,360
2980,192
2981,960
2982,288
2983,0
2984,312
2985,384
2986,360
2987,480
2988,216
2989,504
2990,480
2991,0
2992,48
2993,576
2994,768
2995,192
2996,384
2997,408
2998,216
2999,0
3000,288
3001,480
3002,672
3003,192
3004,0
3005,672
3006,720
3007,0
3008,0
3009,672
3010,384
3011,504
3012,144
3013,384
3014,576
3015,0
3016,240
3017,576
3018,288
3019,168
3020,288
3021,384
3022,336
3023,0
3024,192
3025,390
3026,576
3027,288
3028,120
3029,864
3030,576
3031,0
3032,264
3033,480
3034,480
3035,432
3036,0
3037,216
3038,672
3039,0
3040,48
3041,1008
3042,540
3043,288
3044,480
3045,384
3046,408
3047,0
3048,144
3049,336
3050,840
3051,576
3052,96
3053,480
3054,528
3055,0
3056,0
3057,336
3058,384
3059,576
3060,240
3061,360
3062,552
3063,0
3064,288
3065,864
3066,480
3067,168
3068,0
3069,1008
3070,240
3071,0
3072,8
3073,288
3074,624
3075,336
3076,240
3077,528
3078,648
3079,0
3080,384
3081,576
3082,240
3083,312
3084,144
3085,336
3086,1008
3087,0
3088,48
3089,480
3090,672
3091,240
3092,312
3093,576
3094,288
3095,0
3096,360
3097,336
3098,648
3099,480
3100,0
3101,768
3102,288
3103,0
3104,240
3105,384
3106,384
3107,432
3108,192
3109,360
3110,768
3111,0
3112,168
3113,528
3114,600
3115,288
3116,240
3117,240
3118,240
3119,0
3120,96
3121,480
3122,384
3123,360
3124,240
3125,744
3126,624
3127,0
3128,288
3129,576
3130,336
3131,480
3132,0
3133,240
3134,1056
3135,0
3136,54
3137,672
3138,288
3139,240
3140,192
3141,840
3142,360
3143,0
3144,192
3145,384
3146,936
3147,240
3148,120
3149,1008
3150,720
3151,0
3152,120
3153,432
3154,384
3155,480
3156,384
3157,288
3158,504
3159,0
3160,192
3161,672
3162,480
3163,216
3164,0
3165,384
3166,384
3167,0
3168,120
3169,432
3170,816
3171,384
3172,96
3173,480
3174,600
3175,0
3176,504
3177,576
3178,240
3179,456
3180,96
3181,648
3182,336
3183,0
3184,0
3185,864
3186,768
3187,168
3188,360
3189,624
3190,288
3191,0
3192,192
3193,192
3194,888
3195,480
3196,0
3197,768
3198,384
3199,0
3200,84
3201,384
3202,288
3203,264
3204,432
3205,288
3206,720
3207,0
3208,144
3209,960
3210,384
3211,360
3212,240
3213,384
3214,528
3215,0
3216,144
3217,192
3218,672
3219,480
3220,192
3221,744
3222,360
3223,0
3224,336
3225,720
3226,456
3227,336
3228,0
3229,408
3230,864
3231,0
3232,72
3233,672
3234,672
3235,144
3236,384
3237,384
3238,216
3239,0
3240,408
3241,480
3242,504
3243,192
3244,168
3245,576
3246,624
3247,0
3248,96
3249,630
3250,288
3251,744
3252,144
3253,408
3254,936
3255,0
3256,144
3257,432
3258,648
3259,216
3260,0
3261,528
3262,384
3263,0
3264,48
3265,288
3266,864
3267,416
3268,144
3269,720
3270,288
3271,0
3272,336
3273,432
3274,360
3275,600
3276,240
3277,336
3278,432
3279,0
3280,96
3281,960
3282,480
3283,216
3284,360
3285,720
3286,624
3287,0
3288,240
3289,576
3290,768
3291,240
3292,0
3293,528
3294,576
3295,0
3296,240
3297,480
3298,192
3299,648
3300,336
3301,408
3302,768
3303,0
3304,144
3305,576
3306,576
3307,216
3308,168
3309,576
3310,432
3311,0
3312,0
3313,288
3314,1008
3315,192
3316,264
3317,672
3318,384
3319,0
3320,240
3321,864
3322,192
3323,408
3324,0
3325,336
3326,576
3327,0
3328,24
3329,912
3330,720
3331,360
3332,336
3333,384
3334,360
3335,0
3336,192
3337,288
3338,600
3339,576
3340,144
3341,864
3342,432
3343,0
3344,240
3345,480
3346,480
3347,264
3348,192
3349,336
3350,840
3351,0
3352,168
3353,480
3354,576
3355,192
3356,0
3357,600
3358,384
3359,0
3360,96
3361,288
3362,492
3363,384
3364,174
3365,912
3366,1008
3367,0
3368,312
3369,336
3370,432
3371,504
3372,144
3373,312
3374,864
3375,0
3376,72
3377,816
3378,288
3379,384
3380,360
3381,672
3382,240
3383,0
3384,480
3385,288
3386,792
3387,288
3388,0
3389,600
3390,384
3391,0
3392,72
3393,576
3394,624
3395,480
3396,336
3397,240
3398,696
3399,0
3400,240
3401,1104
3402,624
3403,192
3404,240
3405,576
3406,336
3407,0
3408,96
3409,576
3410,480
3411,360
3412,120
3413,504
3414,528
3415,0
3416,528
3417,288
3418,264
3419,672
3420,0
3421,528
3422,624
3423,0
3424,72
3425,672
3426,576
3427,144
3428,384
3429,960
3430,384
3431,0
3432,192
3433,288
3434,864
3435,384
3436,168
3437,384
3438,480
3439,0
3440,0
3441,480
3442,480
3443,384
3444,288
3445,288
3446,696
3447,0
3448,96
3449,1200
3450,672
3451,288
3452,0
3453,384
3454,528
3455,0
3456,96
3457,336
3458,480
3459,288
3460,192
3461,1128
3462,384
3463,0
3464,528
3465,480
3466,312
3467,456
3468,152
3469,360
3470,912
3471,0
3472,96
3473,480
3474,720
3475,360
3476,384
3477,384
3478,288
3479,0
3480,192
3481,366
3482,552
3483,408
3484,0
3485,864
3486,576
3487,0
3488,120
3489,816
3490,240
3491,552
3492,240
3493,384
3494,936
3495,0
3496,240
3497,384
3498,480
3499,264
3500,288
3501,792
3502,192
3503,0
3504,96
3505,384
3506,1248
3507,192
3508,120
3509,792
3510,768
3511,0
3512,240
3513,432
3514,432
3515,480
3516,0
3517,360
3518,576
3519,0
3520,0
3521,672
3522,384
3523,144
3524,480
3525,480
3526,576
3527,0
3528,324
3529,336
3530,624
3531,384
3532,72
3533,840
3534,672
3535,0
3536,192
3537,576
3538,336
3539,552
3540,288
3541,456
3542,576
3543,0
3544,216
3545,864
3546,600
3547,216
3548,0
3549,720
3550,336
3551,0
3552,144
3553,288
3554,864
3555,576
3556,192
3557,408
3558,336
3559,0
3560,288
3561,912
3562,336
3563,528
3564,216
3565,288
3566,1200
3567,0
3568,0
3569,816
3570,384
3571,360
3572,336
3573,360
3574,456
3575,0
3576,336
3577,336
3578,456
3579,336
3580,0
3581,600
3582,720
3583,0
3584,48
3585,576
3586,384
3587,528
3588,192
3589,528
3590,672
3591,0
3592,144
3593,480
3594,672
3595,192
3596,336
3597,384
3598,288
3599,0
3600,150
3601,480
3602,576
3603,384
3604,288
3605,960
3606,384
3607,0
3608,336
3609,720
3610,456
3611,624
3612,0
3613,312
3614,720
3615,0
3616,96
3617,720
3618,768
3619,288
3620,288
3621,480
3622,312
3623,0
3624,336
3625,576
3626,1080
3627,240
3628,72
3629,1104
3630,528
3631,0
3632,120
3633,288
3634,288
3635,240
3636,504
3637,264
3638,720
3639,0
3640,192
3641,912
3642,336
3643,216
3644,0
3645,648
3646,384
3647,0
3648,48
3649,480
3650,960
3651,432
3652,144
3653,720
3654,960
3655,0
3656,432
3657,480
3658,288
3659,696
3660,192
3661,336
3662,624
3663,0
3664,120
3665,576
3666,576
3667,240
3668,240
3669,576
3670,432
3671,0
3672,192
3673,336
3674,1056
3675,392
3676,0
3677,408
3678,336
3679,0
3680,240
3681,960
3682,384
3683,240
3684,240
3685,480
3686,528
3687,0
3688,216
3689,960
3690,576
3691,312
3692,240
3693,336
3694,432
3695,0
3696,0
3697,240
3698,516
3699,576
3700,168
3701,1080
3702,528
3703,0
3704,480
3705,384
3706,624
3707,336
3708,0
3709,504
3710,672
3711,0
3712,24
3713,768
3714,576
3715,336
3716,432
3717,720
3718,312
3719,0
3720,288
3721,366
3722,648
3723,288
3724,168
3725,840
3726,816
3727,0
3728,144
3729,480
3730,336
3731,672
3732,192
3733,216
3734,984
3735,0
3736,312
3737,768
3738,288
3739,264
3740,0
3741,768
3742,288
3743,0
3744,216
3745,288
3746,912
3747,288
3748,240
3749,672
3750,600
3751,0
3752,192
3753,576
3754,408
3755,480
3756,192
3757,408
3758,816
3759,0
3760,48
3761,960
3762,480
3763,144
3764,552
3765,480
3766,432
3767,0
3768,144
3769,576
3770,864
3771,648
3772,0
3773,768
3774,576
3775,0
3776,72
3777,336
3778,288
3779,744
3780,384
3781,336
3782,528
3783,0
3784,192
3785,576
3786,816
3787,192
3788,120
3789,600
3790,432
3791,0
3792,144
3793,432
3794,960
3795,384
3796,144
3797,696
3798,360
3799,0
3800,504
3801,480
3802,264
3803,360
3804,0
3805,384
3806,1200
3807,0
3808,96
3809,768
3810,480
3811,240
3812,384
3813,480
3814,552
3815,0
3816,360
3817,240
3818,720
3819,384
3820,96
3821,1128
3822,432
3823,0
3824,0
3825,1008
3826,384
3827,528
3828,192
3829,480
3830,528
3831,0
3832,192
3833,528
3834,1152
3835,288
3836,0
3837,336
3838,336
3839,0
3840,0
3841,576
3842,480
3843,240
3844,198
3845,672
3846,816
3847,0
3848,336
3849,720
3850,480
3851,600
3852,216
3853,312
3854,480
3855,0
3856,144
3857,768
3858,480
3859,240
3860,528
3861,768
3862,312
3863,0
3864,288
3865,288
3866,552
3867,336
3868,0
3869,1104
3870,720
3871,0
3872,132
3873,336
3874,624
3875,576
3876,288
3877,360
3878,864
3879,0
3880,144
3881,864
3882,288
3883,192
3884,360
3885,576
3886,432
3887,0
3888,104
3889,432
3890,1008
3891,576
3892,144
3893,480
3894,576
3895,0
3896,432
3897,720
3898,312
3899,576
3900,0
3901,480
3902,768
3903,0
3904,72
3905,768
3906,864
3907,168
3908,240
3909,816
3910,288
3911,0
3912,288
3913,288
3914,768
3915,384
3916,192
3917,504
3918,528
3919,0
3920,168
3921,432
3922,240
3923,552
3924,360
3925,504
3926,1200
3927,0
3928,120
3929,1056
3930,480
3931,264
3932,0
3933,720
3934,384
3935,0
3936,144
3937,288
3938,576
3939,384
3940,288
3941,720
3942,384
3943,0
3944,528
3945,480
3946,600
3947,408
3948,192
3949,384
3950,672
3951,0
3952,0
3953,720
3954,576
3955,288
3956,432
3957,288
3958,264
3959,0
3960,432
3961,576
3962,720
3963,192
3964,0
3965,768
3966,720
3967,0
3968,96
3969,918
3970,336
3971,504
3972,144
3973,240
3974,1176
3975,0
3976,192
3977,672
3978,480
3979,480
3980,192
3981,816
3982,336
3983,0
3984,144
3985,288
3986,1104
3987,360
3988,168
3989,1176
3990,576
3991,0
3992,312
3993,576
3994,360
3995,672
3996,0
3997,288
3998,480
3999,0
4000,144
4001,864
4002,384
4003,312
4004,480
4005,480
4006,360
4007,0
4008,192
4009,432
4010,864
4011,480
4012,96
4013,504
4014,1152
4015,0
4016,168
4017,576
4018,336
4019,456
4020,192
4021,744
4022,648
4023,0
4024,240
4025,960
4026,576
4027,216
4028,0
4029,480
4030,480
4031,0
4032,0
4033,288
4034,816
4035,288
4036,240
4037,624
4038,480
4039,0
4040,336
4041,720
4042,432
4043,384
4044,288
4045,480
4046,912
4047,0
4048,48
4049,864
4050,756
4051,264
4052,312
4053,384
4054,456
4055,0
4056,360
4057,240
4058,648
4059,720
4060,0
4061,960
4062,336
4063,0
4064,192
4065,768
4066,576
4067,504
4068,288
4069,480
4070,864
4071,0
4072,216
4073,672
4074,480
4075,168
4076,312
4077,576
4078,336
4079,0
4080,0
4081,576
4082,624
4083,240
4084,264
4085,672
4086,840
4087,0
4088,384
4089,480
4090,288
4091,792
4092,0
4093,312
4094,1152
4095,0
4096,6
4097,384
4098,672
4099,360
4100,480
4101,576
4102,240
4103,0
4104,384
4105,576
4106,696
4107,296
4108,96
4109,1104
4110,384
4111,0
4112,192
4113,480
4114,624
4115,528
4116,384
4117,288
4118,672
4119,0
4120,144
4121,1056
4122,936
4123,192
4124,0
4125,576
4126,384
4127,0
4128,96
4129,432
4130,672
4131,624
4132,144
4133,936
4134,480
4135,0
4136,528
4137,384
4138,360
4139,456
4140,240
4141,336
4142,624
4143,0
4144,96
4145,576
4146,672
4147,288
4148,240
4149,1080
4150,600
4151,0
4152,144
4153,240
4154,1152
4155,288
4156,0
4157,984
4158,384
4159,0
4160,96
4161,768
4162,240
4163,528
4164,432
4165,432
4166,792
4167,0
4168,144
4169,1008
4170,576
4171,384
4172,192
4173,384
4174,528
4175,0
4176,216
4177,480
4178,672
4179,384
4180,192
4181,720
4182,672
4183,0
4184,504
4185,768
4186,480
4187,336
4188,0
4189,432
4190,816
4191,0
4192,72
4193,672
4194,480
4195,192
4196,528
4197,432
4198,504
4199,0
4200,336
4201,432
4202,624
4203,504
4204,120
4205,696
4206,624
4207,0
4208,0
4209,672
4210,336
4211,552
4212,408
4213,336
4214,1080
4215,0
4216,192
4217,624
4218,288
4219,360
4220,0
4221,960
4222,288
4223,0
4224,96
4225,390
4226,1248
4227,240
4228,192
4229,936
4230,720
4231,0
4232,300
4233,480
4234,624
4235,528
4236,144
4237,288
4238,528
4239,0
4240,96
4241,1296
4242,480
4243,216
4244,312
4245,576
4246,432
4247,0
4248,360
4249,384
4250,864
4251,384
4252,0
4253,504
4254,912
4255,0
4256,240
4257,432
4258,288
4259,840
4260,192
4261,408
4262,648
4263,0
4264,240
4265,864
4266,960
4267,192
4268,288
4269,816
4270,384
4271,0
4272,48
4273,288
4274,1008
4275,600
4276,360
4277,576
4278,384
4279,0
4280,432
4281,528
4282,312
4283,504
4284,0
4285,432
4286,960
4287,0
4288,24
4289,1344
4290,576
4291,288
4292,288
4293,648
4294,432
4295,0
4296,384
4297,432
4298,528
4299,432
4300,168
4301,1056
4302,480
4303,0
4304,264
4305,384
4306,432
4307,432
4308,288
4309,432
4310,672
4311,0
4312,216
4313,432
4314,480
4315,336
4316,0
4317,480
4318,384
4319,0
4320,192
4321,384
4322,912
4323,192
4324,192
4325,1176
4326,768
4327,0
4328,264
4329,960
4330,432
4331,816
4332,152
4333,336
4334,912
4335,0
4336,0
4337,432
4338,720
4339,408
4340,384
4341,624
4342,240
4343,0
4344,336
4345,576
4346,1200
4347,384
4348,0
4349,504
4350,720
4351,0
4352,48
4353,528
4354,576
4355,480
4356,390
4357,360
4358,504
4359,0
4360,144
4361,1008
4362,432
4363,216
4364,408
4365,720
4366,624
4367,0
4368,96
4369,576
4370,672
4371,480
4372,120
4373,840
4374,960
4375,0
4376,312
4377,528
4378,432
4379,384
4380,0
4381,384
4382,768
4383,0
4384,144
4385,1152
4386,576
4387,192
4388,432
4389,576
4390,288
4391,0
4392,360
4393,288
4394,1008
4395,480
4396,144
4397,648
4398,336
4399,0
4400,120
4401,960
4402,384
4403,480
4404,336
4405,288
4406,1176
4407,0
4408,240
4409,816
4410,840
4411,288
4412,0
4413,528
4414,384
4415,0
4416,96
4417,288
4418,588
4419,648
4420,192
4421,1080
4422,384
4423,0
4424,576
4425,336
4426,312
4427,384
4428,192
4429,720
4430,1104
4431,0
4432,72
4433,672
4434,576
4435,240
4436,600
4437,720
4438,288
4439,0
4440,192
4441,672
4442,456
4443,336
4444,0
4445,768
4446,1008
4447,0
4448,168
4449,624
4450,672
4451,696
4452,192
4453,288
4454,912
4455,0
4456,264
4457,720
4458,576
4459,384
4460,240
4461,672
4462,480
4463,0
4464,0
4465,480
4466,768
4467,288
4468,168
4469,1104
4470,384
4471,0
4472,432
4473,864
4474,312
4475,600
4476,0
4477,312
4478,576
4479,0
4480,48
4481,768
4482,384
4483,216
4484,528
4485,576
4486,600
4487,0
4488,192
4489,414
4490,1056
4491,360
4492,120
4493,456
4494,864
4495,0
4496,240
4497,432
4498,336
4499,816
4500,432
4501,624
4502,648
4503,0
4504,264
4505,768
4506,912
4507,312
4508,0
4509,768
4510,288
4511,0
4512,96
4513,288
4514,1104
4515,384
4516,192
4517,648
4518,840
4519,0
4520,528
4521,864
4522,288
4523,504
4524,192
4525,600
4526,672
4527,0
4528,72
4529,960
4530,480
4531,288
4532,336
4533,288
4534,648
4535,0
4536,432
4537,288
4538,696
4539,480
4540,0
4541,1296
4542,528
4543,0
4544,0
4545,480
4546,480
4547,408
4548,240
4549,696
4550,1008
4551,0
4552,144
4553,960
4554,1008
4555,288
4556,384
4557,432
4558,240
4559,0
4560,192
4561,432
4562,864
4563,416
4564,288
4565,576
4566,432
4567,0
4568,216
4569,720
4570,336
4571,672
4572,0
4573,336
4574,1152
4575,0
4576,144
4577,768
4578,480
4579,240
4580,288
4581,1080
4582,336
4583,0
4584,384
4585,288
4586,1032
4587,288
4588,144
4589,1008
4590,768
4591,0
4592,0
4593,336
4594,528
4595,576
4596,192
4597,456
4598,936
4599,0
4600,240
4601,816
4602,384
4603,168
4604,0
4605,768
4606,672
4607,0
4608,36
4609,528
4610,624
4611,672
4612,192
4613,480
4614,480
4615,0
4616,672
4617,624
4618,312
4619,864
4620,192
4621,312
4622,624
4623,0
4624,102
4625,1152
4626,960
4627,240
4628,336
4629,528
4630,432
4631,0
4632,288
4633,384
4634,864
4635,432
4636,0
4637,936
4638,432
4639,0
4640,240
4641,768
4642,288
4643,312
4644,576
4645,384
4646,1056
4647,0
4648,144
4649,1056
4650,720
4651,408
4652,168
4653,720
4654,528
4655,0
4656,96
4657,288
4658,768
4659,336
4660,240
4661,1104
4662,576
4663,0
4664,432
4665,576
4666,552
4667,528
4668,0
4669,384
4670,816
4671,0
4672,48
4673,624
4674,960
4675,336
4676,576
4677,480
4678,216
4679,0
4680,240
4681,576
4682,744
4683,384
4684,168
4685,528
4686,672
4687,0
4688,216
4689,1152
4690,384
4691,504
4692,288
4693,456
4694,1080
4695,0
4696,360
4697,672
4698,408
4699,288
4700,0
4701,432
4702,384
4703,0
4704,168
4705,480
4706,816
4707,600
4708,144
4709,1104
4710,768
4711,0
4712,192
4713,336
4714,600
4715,576
4716,360
4717,288
4718,768
4719,0
4720,0
4721,1056
4722,480
4723,216
4724,552
4725,960
4726,528
4727,0
4728,240
4729,480
4730,960
4731,480
4732,0
4733,696
4734,720
4735,0
4736,120
4737,432
4738,384
4739,624
4740,192
4741,480
4742,744
4743,0
4744,288
4745,960
4746,672
4747,192
4748,216
4749,960
4750,288
4751,0
4752,192
4753,336
4754,912
4755,288
4756,240
4757,624
4758,672
4759,0
4760,480
4761,750
4762,408
4763,480
4764,0
4765,432
4766,960
4767,0
4768,72
4769,1008
4770,1008
4771,288
4772,432
4773,480
4774,480
4775,0
4776,336
4777,384
4778,504
4779,648
4780,192
4781,1344
4782,336
4783,0
4784,192
4785,576
4786,480
4787,600
4788,240
4789,360
4790,576
4791,0
4792,144
4793,864
4794,768
4795,288
4796,0
4797,432
4798,576
4799,0
4800,56
4801,672
4802,780
4803,336
4804,192
4805,792
4806,960
4807,0
4808,288
4809,864
4810,384
4811,528
4812,144
4813,360
4814,1296
4815,0
4816,96
4817,672
4818,384
4819,432
4820,480
4821,672
4822,456
4823,0
4824,504
4825,336
4826,1440
4827,288
4828,0
4829,1248
4830,384
4831,0
4832,144
4833,576
4834,432
4835,720
4836,480
4837,432
4838,480
4839,0
4840,264
4841,768
4842,600
4843,192
4844,336
4845,384
4846,528
4847,0
4848,0
4849,576
4850,1200
4851,648
4852,120
4853,768
4854,624
4855,0
4856,480
4857,432
4858,480
4859,720
4860,0
4861,696
4862,480
4863,0
4864,24
4865,672
4866,672
4867,192
4868,384
4869,600
4870,528
4871,0
4872,288
4873,240
4874,888
4875,576
4876,144
4877,792
4878,864
4879,0
4880,192
4881,720
4882,288
4883,432
4884,384
4885,528
4886,1008
4887,0
4888,144
4889,1056
4890,384
4891,480
4892,0
4893,480
4894,480
4895,0
4896,240
4897,432
4898,864
4899,384
4900,270
4901,936
4902,384
4903,0
4904,504
4905,1152
4906,432
4907,288
4908,96
4909,360
4910,1104
4911,0
4912,72
4913,864
4914,1152
4915,240
4916,456
4917,576
4918,264
4919,0
4920,288
4921,576
4922,528
4923,360
4924,0
4925,840
4926,720
4927,0
4928,96
4929,672
4930,384
4931,840
4932,288
4933,312
4934,1272
4935,0
4936,288
4937,528
4938,432
4939,384
4940,288
4941,1224
4942,288
4943,0
4944,144
4945,480
4946,960
4947,288
4948,168
4949,1176
4950,840
4951,0
4952,504
4953,384
4954,600
4955,672
4956,0
4957,312
4958,624
4959,0
4960,96
4961,1056
4962,576
4963,288
4964,384
4965,576
4966,672
4967,0
4968,384
4969,672
4970,672
4971,384
4972,96
4973,792
4974,528
4975,0
4976,0
4977,480
4978,288
4979,720
4980,384
4981,384
4982,1056
4983,0
4984,192
4985,672
4986,792
4987,216
4988,0
4989,1008
4990,528
4991,0
4992,48
4993,384
4994,1152
4995,384
4996,384
4997,720
4998,432
4999,0
5000,444
5001,912
5002,384
5003,360
5004,360
5005,384
5006,1008
5007,0
5008,96
5009,720
5010,576
5011,504
5012,384
5013,648
5014,432
5015,0
5016,288
5017,384
5018,912
5019,480
5020,0
5021,936
5022,864
5023,0
5024,312
5025,720
5026,480
5027,336
5028,240
5029,624
5030,720
5031,0
5032,144
5033,864
5034,864
5035,288
5036,360
5037,384
5038,336
5039,0
5040,144
5041,438
5042,432
5043,344
5044,240
5045,1248
5046,696
5047,0
5048,432
5049,768
5050,504
5051,696
5052,0
5053,480
5054,912
5055,0
5056,0
5057,960
5058,480
5059,456
5060,480
5061,480
5062,360
5063,0
5064,384
5065,288
5066,1440
5067,648
5068,144
5069,864
5070,624
5071,0
5072,120
5073,576
5074,672
5075,672
5076,384
5077,264
5078,648
5079,0
5080,240
5081,1392
5082,624
5083,192
5084,0
5085,720
5086,384
5087,0
5088,144
5089,384
5090,624
5091,336
5092,240
5093,528
5094,1080
5095,0
5096,504
5097,432
5098,264
5099,936
5100,240
5101,552
5102,816
5103,0
5104,0
5105,864
5106,960
5107,168
5108,408
5109,768
5110,480
5111,0
5112,240
5113,528
5114,840
5115,384
5116,0
5117,768
5118,336
5119,0
5120,24
5121,1152
5122,336
5123,624
5124,288
5125,576
5126,1200
5127,0
5128,144
5129,1056
5130,768
5131,240
5132,264
5133,480
5134,768
5135,0
5136,240
5137,336
5138,768
5139,600
5140,144
5141,864
5142,432
5143,0
5144,696
5145,768
5146,432
5147,456
5148,0
5149,528
5150,1200
5151,0
5152,96
5153,432
5154,480
5155,288
5156,432
5157,768
5158,456
5159,0
5160,192
5161,480
5162,816
5163,240
5164,216
5165,1008
5166,960
5167,0
5168,96
5169,912
5170,480
5171,840
5172,288
5173,288
5174,672
5175,0
5176,336
5177,672
5178,576
5179,264
5180,0
5181,576
5182,288
5183,0
5184,102
5185,384
5186,1344
5187,384
5188,144
5189,1176
5190,768
5191,0
5192,384
5193,480
5194,648
5195,384
5196,192
5197,408
5198,672
5199,0
5200,168
5201,1152
5202,612
5203,264
5204,600
5205,576
5206,576
5207,0
5208,192
5209,528
5210,864
5211,768
5212,0
5213,816
5214,864
5215,0
5216,264
5217,384
5218,336
5219,576
5220,480
5221,720
5222,672
5223,0
5224,216
5225,1200
5226,480
5227,360
5228,264
5229,1008
5230,336
5231,0
5232,0
5233,288
5234,1008
5235,576
5236,288
5237,552
5238,768
5239,0
5240,432
5241,528
5242,504
5243,648
5244,0
5245,288
5246,1200
5247,0
5248,48
5249,1440
5250,576
5251,336
5252,288
5253,672
5254,576
5255,0
5256,576
5257,384
5258,672
5259,288
5260,144
5261,984
5262,624
5263,0
5264,288
5265,864
5266,624
5267,336
5268,240
5269,672
5270,672
5271,0
5272,120
5273,480
5274,1080
5275,360
5276,0
5277,624
5278,288
5279,0
5280,96
5281,624
5282,768
5283,504
5284,288
5285,864
5286,528
5287,0
5288,504
5289,480
5290,552
5291,864
5292,224
5293,288
5294,1008
5295,0
5296,72
5297,864
5298,480
5299,288
5300,504
5301,960
5302,336
5303,0
5304,480
5305,480
5306,864
5307,288
5308,0
5309,1272
5310,720
5311,0
5312,72
5313,576
5314,384
5315,432
5316,432
5317,240
5318,744
5319,0
5320,288
5321,1056
5322,384
5323,360
5324,288
5325,672
5326,624
5327,0
5328,120
5329,438
5330,1248
5331,480
5332,240
5333,744
5334,960
5335,0
5336,384
5337,864
5338,288
5339,816
5340,0
5341,648
5342,768
5343,0
5344,144
5345,576
5346,1248
5347,312
5348,288
5349,528
5350,360
5351,0
5352,240
5353,576
5354,1416
5355,480
5356,192
5357,720
5358,480
5359,0
5360,0
5361,720
5362,288
5363,384
5364,504
5365,480
5366,1080
5367,0
5368,240
5369,1056
5370,672
5371,288
5372,0
5373,576
5374,672
5375,0
5376,48
5377,240
5378,768
5379,576
5380,192
5381,1512
5382,480
5383,0
5384,336
5385,576
5386,600
5387,552
5388,144
5389,720
5390,1008
5391,0
5392,96
5393,864
5394,480
5395,288
5396,672
5397,480
5398,360
5399,0
5400,480
5401,432
5402,768
5403,384
5404,0
5405,768
5406,480
5407,0
5408,180
5409,1200
5410,528
5411,816
5412,192
5413,216
5414,1368
5415,0
5416,264
5417,864
5418,864
5419,312
5420,288
5421,768
5422,336
5423,0
5424,144
5425,672
5426,624
5427,408
5428,192
5429,912
5430,864
5431,0
5432,288
5433,432
5434,384
5435,624
5436,0
5437,360
5438,960
5439,0
5440,48
5441,816
5442,672
5443,216
5444,720
5445,936
5446,576
5447,0
5448,288
5449,672
5450,840
5451,672
5452,144
5453,672
5454,576
5455,0
5456,336
5457,384
5458,432
5459,816
5460,192
5461,528
5462,552
5463,0
5464,216
5465,1056
5466,960
5467,192
5468,0
5469,672
5470,432
5471,0
5472,216
5473,480
5474,1344
5475,480
5476,222
5477,888
5478,384
5479,0
5480,528
5481,768
5482,312
5483,408
5484,288
5485,528
5486,1392
5487,0
5488,0
5489,1008
5490,720
5491,408
5492,216
5493,624
5494,528
5495,0
5496,336
5497,288
5498,744
5499,720
5500,0
5501,1032
5502,576
5503,0
5504,120
5505,480
5506,528
5507,552
5508,432
5509,624
5510,864
5511,0
5512,240
5513,672
5514,720
5515,240
5516,384
5517,600
5518,288
5519,0
5520,96
5521,720
5522,864
5523,288
5524,312
5525,960
5526,1224
5527,0
5528,456
5529,1056
5530,480
5531,552
5532,0
5533,384
5534,1056
5535,0
5536,120
5537,864
5538,384
5539,432
5540,576
5541,864
5542,432
5543,0
5544,480
5545,288
5546,960
5547,344
5548,96
5549,912
5550,1008
5551,0
5552,120
5553,432
5554,720
5555,576
5556,336
5557,408
5558,624
5559,0
5560,240
5561,1584
5562,576
5563,360
5564,0
5565,576
5566,528
5567,0
5568,0
5569,384
5570,720
5571,600
5572,192
5573,744
5574,720
5575,0
5576,576
5577,720
5578,408
5579,720
5580,288
5581,504
5582,528
5583,0
5584,168
5585,1152
5586,864
5587,192
5588,288
5589,1248
5590,384
5591,0
5592,240
5593,384
5594,1224
5595,288
5596,0
5597,528
5598,720
5599,0
5600,240
5601,720
5602,336
5603,528
5604,336
5605,384
5606,1512
5607,0
5608,168
5609,1056
5610,576
5611,240
5612,336
5613,576
5614,384
5615,0
5616,0
5617,576
5618,660
5619,672
5620,288
5621,864
5622,384
5623,0
5624,528
5625,750
5626,720
5627,672
5628,0
5629,480
5630,528
5631,0
5632,24
5633,912
5634,1296
5635,336
5636,432
5637,336
5638,456
5639,0
5640,384
5641,480
5642,960
5643,384
5644,96
5645,1344
5646,720
5647,0
5648,192
5649,672
5650,480
5651,744
5652,360
5653,360
5654,1344
5655,0
5656,336
5657,672
5658,384
5659,456
5660,0
5661,1296
5662,528
5663,0
5664,192
5665,480
5666,960
5667,240
5668,192
5669,1272
5670,816
5671,0
5672,408
5673,480
5674,360
5675,840
5676,288
5677,432
5678,864
5679,0
5680,96
5681,768
5682,576
5683,264
5684,648
5685,384
5686,552
5687,0
5688,288
5689,624
5690,864
5691,576
5692,0
5693,744
5694,1056
5695,0
5696,144
5697,960
5698,384
5699,576
5700,336
5701,456
5702,600
5703,0
5704,384
5705,672
5706,840
5707,192
5708,360
5709,576
5710,528
5711,0
5712,96
5713,288
5714,960
5715,720
5716,264
5717,936
5718,528
5719,0
5720,384
5721,720
5722,456
5723,336
5724,0
5725,600
5726,1152
5727,0
5728,72
5729,1248
5730,576
5731,480
5732,432
5733,840
5734,480
5735,0
5736,384
5737,432
5738,1056
5739,528
5740,96
5741,1128
5742,720
5743,0
5744,0
5745,672
5746,720
5747,576
5748,288
5749,600
5750,1440
5751,0
5752,192
5753,720
5754,480
5755,288
5756,0
5757,384
5758,288
5759,0
5760,120
5761,672
5762,672
5763,288
5764,336
5765,912
5766,744
5767,0
5768,288
5769,1008
5770,432
5771,1056
5772,192
5773,432
5774,1104
5775,0
5776,126
5777,576
5778,768
5779,312
5780,456
5781,1056
5782,504
5783,0
5784,384
5785,384
5786,960
5787,360
5788,0
5789,1152
5790,480
5791,0
5792,216
5793,528
5794,816
5795,768
5796,576
5797,288
5798,528
5799,0
5800,168
5801,1344
5802,432
5803,240
5804,312
5805,768
5806,624
5807,0
5808,104
5809,480
5810,1248
5811,288
5812,168
5813,936
5814,960
5815,0
5816,720
5817,384
5818,312
5819,552
5820,0
5821,552
5822,768
5823,0
5824,48
5825,1008
5826,672
5827,360
5828,288
5829,960
5830,480
5831,0
5832,324
5833,336
5834,1320
5835,288
5836,264
5837,816
5838,576
5839,0
5840,240
5841,1200
5842,288
5843,600
5844,336
5845,384
5846,912
5847,0
5848,192
5849,1248
5850,1080
5851,504
5852,0
5853,432
5854,576
5855,0
5856,144
5857,432
5858,816
5859,768
5860,192
5861,792
5862,720
5863,0
5864,696
5865,768
5866,528
5867,504
5868,120
5869,552
5870,816
5871,0
5872,0
5873,960
5874,768
5875,288
5876,672
5877,504
5878,312
5879,0
5880,432
5881,624
5882,720
5883,384
5884,0
5885,1152
5886,1344
5887,0
5888,0
5889,480
5890,576
5891,624
5892,336
5893,576
5894,864
5895,0
5896,192
5897,576
5898,576
5899,432
5900,360
5901,672
5902,336
5903,0
5904,288
5905,384
5906,1296
5907,384
5908,192
5909,1008
5910,384
5911,0
5912,360
5913,816
5914,792
5915,624
5916,0
5917,384
5918,912
5919,0
5920,144
5921,1248
5922,480
5923,168
5924,624
5925,1008
5926,360
5927,0
5928,288
5929,702
5930,624
5931,792
5932,168
5933,480
5934,672
5935,0
5936,192
5937,528
5938,288
5939,840
5940,384
5941,720
5942,1128
5943,0
5944,240
5945,768
5946,1008
5947,192
5948,0
5949,1080
5950,672
5951,0
5952,48
5953,528
5954,1008
5955,480
5956,240
5957,768
5958,792
5959,0
5960,432
5961,720
5962,384
5963,576
5964,288
5965,432
5966,1008
5967,0
5968,120
5969,1440
5970,672
5971,336
5972,264
5973,384
5974,576
5975,0
5976,600
5977,336
5978,840
5979,576
5980,0
5981,1512
5982,432
5983,0
5984,336
5985,864
5986,384
5987,360
5988,240
5989,384
5990,1248
5991,0
5992,192
5993,576
5994,1080
5995,384
5996,312
5997,816
5998,432
5999,0
6000,0
6001,384
6002,1104
6003,480
6004,288
6005,1248
6006,768
6007,0
6008,288
6009,912
6010,480
6011,648
6012,0
6013,336
6014,1152
6015,0
6016,96
6017,720
6018,576
6019,528
6020,480
6021,576
6022,360
6023,0
6024,288
6025,720
6026,1344
6027,432
6028,96
6029,840
6030,720
6031,0
6032,192
6033,624
6034,480
6035,672
6036,480
6037,408
6038,744
6039,0
6040,192
6041,1440
6042,384
6043,216
6044,0
6045,576
6046,672
6047,0
6048,192
6049,480
6050,924
6051,480
6052,192
6053,600
6054,960
6055,0
6056,600
6057,720
6058,480
6059,624
6060,288
6061,768
6062,672
6063,0
6064,72
6065,864
6066,864
6067,360
6068,576
6069,816
6070,432
6071,0
6072,288
6073,288
6074,1512
6075,728
6076,0
6077,576
6078,432
6079,0
6080,0
6081,720
6082,528
6083,576
6084,390
6085,432
6086,1152
6087,0
6088,240
6089,1392
6090,576
6091,360
6092,168
6093,1080
6094,624
6095,0
6096,240
6097,288
6098,576
6099,384
6100,360
6101,1272
6102,960
6103,0
6104,576
6105,576
6106,480
6107,720
6108,0
6109,720
6110,960
6111,0
6112,96
6113,816
6114,960
6115,240
6116,624
6117,480
6118,384
6119,0
6120,432
6121,528
6122,648
6123,384
6124,264
6125,1008
6126,720
6127,0
6128,0
6129,960
6130,432
6131,744
6132,288
6133,504
6134,840
6135,0
6136,240
6137,1008
6138,720
6139,480
6140,0
6141,672
6142,336
6143,0
6144,24
6145,672
6146,1344
6147,360
6148,192
6149,1440
6150,720
6151,0
6152,528
6153,480
6154,432
6155,672
6156,408
6157,288
6158,1008
6159,0
6160,96
6161,960
6162,480
6163,264
6164,432
6165,720
6166,696
6167,0
6168,240
6169,480
6170,1200
6171,528
6172,0
6173,888
6174,1152
6175,0
6176,240
6177,576
6178,384
6179,1008
6180,288
6181,576
6182,528
6183,0
6184,408
6185,672
6186,960
6187,288
6188,288
6189,768
6190,528
6191,0
6192,120
6193,336
6194,1056
6195,384
6196,216
6197,840
6198,480
6199,0
6200,672
6201,1440
6202,384
6203,408
6204,0
6205,480
6206,1200
6207,0
6208,48
6209,1152
6210,768
6211,360
6212,480
6213,480
6214,720
6215,0
6216,288
6217,384
6218,552
6219,600
6220,96
6221,1512
6222,576
6223,0
6224,264
6225,720
6226,864
6227,432
6228,504
6229,552
6230,1056
6231,0
6232,144
6233,768
6234,720
6235,288
6236,0
6237,864
6238,288
6239,0
6240,192
6241,486
6242,864
6243,528
6244,384
6245,672
6246,600
6247,0
6248,336
6249,720
6250,744
6251,576
6252,144
6253,360
6254,1680
6255,0
6256,0
6257,912
6258,480
6259,240
6260,336
6261,960
6262,288
6263,0
6264,576
6265,672
6266,1008
6267,288
6268,0
6269,1368
6270,768
6271,0
6272,108
6273,480
6274,480
6275,840
6276,336
6277,552
6278,1104
6279,0
6280,240
6281,912
6282,936
6283,288
6284,408
6285,480
6286,576
6287,0
6288,144
6289,912
6290,576
6291,960
6292,264
6293,672
6294,816
6295,0
6296,648
6297,432
6298,528
6299,1032
6300,0
6301,504
6302,768
6303,0
6304,120
6305,1152
6306,960
6307,192
6308,336
6309,1224
6310,576
6311,0
6312,192
6313,432
6314,1056
6315,384
6316,216
6317,936
6318,624
6319,0
6320,192
6321,1008
6322,432
6323,504
6324,480
6325,336
6326,1272
6327,0
6328,192
6329,768
6330,576
6331,432
6332,0
6333,480
6334,480
6335,0
6336,72
6337,336
6338,720
6339,480
6340,288
6341,1344
6342,576
6343,0
6344,528
6345,1152
6346,480
6347,672
6348,200
6349,576
6350,960
6351,0
6352,72
6353,864
6354,1440
6355,384
6356,624
6357,480
6358,456
6359,0
6360,384
6361,624
6362,600
6363,432
6364,0
6365,768
6366,1008
6367,0
6368,240
6369,864
6370,432
6371,864
6372,192
6373,456
6374,984
6375,0
6376,408
6377,768
6378,432
6379,408
6380,384
6381,600
6382,432
6383,0
6384,0
6385,384
6386,1344
6387,432
6388,168
6389,1080
6390,1152
6391,0
6392,384
6393,528
6394,576
6395,384
6396,0
6397,600
6398,768
6399,0
6400,30
6401,1440
6402,384
6403,240
6404,672
6405,768
6406,504
6407,0
6408,480
6409,576
6410,1344
6411,576
6412,144
6413,936
6414,528
6415,0
6416,240
6417,864
6418,432
6419,840
6420,192
6421,504
6422,936
6423,0
6424,336
6425,1344
6426,1152
6427,216
6428,0
6429,720
6430,432
6431,0
6432,192
6433,288
6434,1440
6435,480
6436,336
6437,816
6438,576
6439,0
6440,384
6441,768
6442,360
6443,624
6444,360
6445,672
6446,1104
6447,0
6448,48
6449,960
6450,672
6451,408
6452,504
6453,768
6454,624
6455,0
6456,336
6457,432
6458,648
6459,720
6460,0
6461,1152
6462,720
6463,0
6464,168
6465,576
6466,432
6467,480
6468,336
6469,408
6470,1104
6471,0
6472,144
6473,1056
6474,1152
6475,480
6476,360
6477,480
6478,672
6479,0
6480,216
6481,672
6482,768
6483,288
6484,216
6485,1200
6486,768
6487,0
6488,360
6489,960
6490,384
6491,744
6492,0
6493,288
6494,1152
6495,0
6496,192
6497,768
6498,684
6499,336
6500,576
6501,1152
6502,408
6503,0
6504,240
6505,384
6506,1176
6507,384
6508,168
6509,1680
6510,576
6511,0
6512,0
6513,672
6514,480
6515,624
6516,600
6517,384
6518,504
6519,0
6520,336
6521,816
6522,624
6523,336
6524,0
6525,1080
6526,528
6527,0
6528,48
6529,960
6530,1488
6531,576
6532,192
6533,528
6534,1056
6535,0
6536,768
6537,528
6538,336
6539,672
6540,192
6541,672
6542,720
6543,0
6544,192
6545,768
6546,672
6547,264
6548,456
6549,768
6550,504
6551,0
6552,432
6553,432
6554,1008
6555,576
6556,0
6557,576
6558,720
6559,0
6560,192
6561,966
6562,576
6563,552
6564,528
6565,576
6566,1512
6567,0
6568,168
6569,1584
6570,720
6571,360
6572,240
6573,480
6574,624
6575,0
6576,144
6577,432
6578,1056
6579,864
6580,192
6581,936
6582,432
6583,0
6584,528
6585,768
6586,624
6587,624
6588,0
6589,528
6590,912
6591,0
6592,0
6593,816
6594,672
6595,384
6596,576
6597,840
6598,312
6599,0
6600,480
6601,576
6602,600
6603,288
6604,192
6605,864
6606,1440
6607,0
6608,240
6609,528
6610,336
6611,1008
6612,192
6613,480
6614,1464
6615,0
6616,264
6617,672
6618,768
6619,312
6620,0
6621,1152
6622,384
6623,0
6624,240
6625,576
6626,1152
6627,392
6628,192
6629,1440
6630,576
6631,0
6632,504
6633,720
6634,864
6635,720
6636,192
6637,264
6638,528
6639,0
6640,0
6641,1440
6642,816
6643,288
6644,576
6645,576
6646,984
6647,0
6648,240
6649,672
6650,1200
6651,600
6652,0
6653,840
6654,624
6655,0
6656,72
6657,576
6658,336
6659,552
6660,576
6661,552
6662,1080
6663,0
6664,336
6665,1152
6666,768
6667,240
6668,312
6669,1152
6670,480
6671,0
6672,144
6673,336
6674,1248
6675,336
6676,312
6677,1056
6678,480
6679,0
6680,336
6681,960
6682,288
6683,768
6684,0
6685,672
6686,864
6687,0
6688,96
6689,864
6690,864
6691,504
6692,384
6693,384
6694,696
6695,0
6696,576
6697,384
6698,1200
6699,576
6700,168
6701,936
6702,528
6703,0
6704,216
6705,960
6706,672
6707,672
6708,192
6709,792
6710,672
6711,0
6712,240
6713,864
6714,936
6715,288
6716,0
6717,528
6718,480
6719,0
6720,96
6721,480
6722,768
6723,648
6724,246
6725,1320
6726,768
6727,0
6728,372
6729,624
6730,624
6731,816
6732,240
6733,456
6734,1440
6735,0
6736,120
6737,912
6738,576
6739,432
6740,624
6741,1152
6742,312
6743,0
6744,528
6745,384
6746,1224
6747,384
6748,0
6749,1008
6750,1152
6751,0
6752,120
6753,720
6754,576
6755,480
6756,432
6757,384
6758,960
6759,0
6760,312
6761,1584
6762,672
6763,216
6764,432
6765,576
6766,480
6767,0
6768,0
6769,576
6770,912
6771,384
6772,264
6773,864
6774,960
6775,0
6776,624
6777,576
6778,360
6779,936
6780,0
6781,744
6782,1248
6783,0
6784,72
6785,1056
6786,1200
6787,288
6788,336
6789,864
6790,480
6791,0
6792,192
6793,432
6794,816
6795,864
6796,264
6797,816
6798,576
6799,0
6800,336
6801,720
6802,480
6803,456
6804,624
6805,384
6806,1056
6807,0
6808,240
6809,1488
6810,576
6811,504
6812,0
6813,600
6814,576
6815,0
6816,288
6817,384
6818,672
6819,528
6820,192
6821,1392
6822,792
6823,0
6824,696
6825,672
6826,600
6827,408
6828,240
6829,504
6830,1104
6831,0
6832,48
6833,816
6834,576
6835,432
6836,504
6837,768
6838,576
6839,0
6840,240
6841,624
6842,1200
6843,288
6844,0
6845,936
6846,672
6847,0
6848,72
6849,1440
6850,720
6851,864
6852,432
6853,384
6854,1104
6855,0
6856,240
6857,528
6858,576
6859,480
6860,384
6861,816
6862,288
6863,0
6864,192
6865,480
6866,1488
6867,480
6868,192
6869,984
6870,672
6871,0
6872,552
6873,672
6874,768
6875,600
6876,0
6877,600
6878,720
6879,0
6880,144
6881,1536
6882,480
6883,216
6884,624
6885,816
6886,864
6887,0
6888,288
6889,510
6890,576
6891,624
6892,120
6893,1248
6894,1440
6895,0
6896,0
6897,528
6898,480
6899,840
6900,480
6901,528
6902,672
6903,0
6904,288
6905,1152
6906,768
6907,408
6908,0
6909,864
6910,432
6911,0
6912,32
6913,288
6914,1296
6915,672
6916,288
6917,600
6918,480
6919,0
6920,432
6921,1200
6922,360
6923,384
6924,192
6925,504
6926,1680
6927,0
6928,144
6929,1440
6930,1152
6931,288
6932,408
6933,528
6934,552
6935,0
6936,456
6937,480
6938,984
6939,576
6940,0
6941,912
6942,576
6943,0
6944,288
6945,672
6946,384
6947,696
6948,240
6949,840
6950,1176
6951,0
6952,192
6953,768
6954,1152
6955,288
6956,480
6957,936
6958,432
6959,0
6960,96
6961,624
6962,708
6963,288
6964,312
6965,1152
6966,1080
6967,0
6968,528
6969,960
6970,480
6971,1080
6972,0
6973,336
6974,1008
6975,0
6976,72
6977,624
6978,576
6979,336
6980,480
6981,768
6982,408
6983,0
6984,720
6985,672
6986,1344
6987,288
6988,120
6989,1248
6990,576
6991,0
6992,240
6993,768
6994,432
6995,768
6996,480
6997,312
6998,936
6999,0
7000,288
7001,672
7002,840
7003,384
7004,0
7005,768
7006,960
7007,0
7008,96
7009,624
7010,1008
7011,720
7012,240
7013,1128
7014,960
7015,0
7016,456
7017,720
7018,312
7019,1032
7020,384
7021,672
7022,528
7023,0
7024,0
7025,1200
7026,960
7027,264
7028,336
7029,1200
7030,384
7031,0
7032,240
7033,384
7034,1560
7035,384
7036,0
7037,864
7038,864
7039,0
7040,144
7041,624
7042,576
7043,552
7044,240
7045,480
7046,1200
7047,0
7048,288
7049,1152
7050,672
7051,384
7052,288
7053,480
7054,624
7055,0
7056,270
7057,432
7058,768
7059,768
7060,240
7061,1440
7062,576
7063,0
7064,600
7065,576
7066,504
7067,336
7068,0
7069,696
7070,1152
7071,0
7072,96
7073,1008
7074,768
7075,504
7076,768
7077,384
7078,312
7079,0
7080,480
7081,768
7082,936
7083,600
7084,192
7085,864
7086,720
7087,0
7088,120
7089,1152
7090,624
7091,912
7092,360
7093,288
7094,1656
7095,0
7096,240
7097,1248
7098,624
7099,336
7100,0
7101,1536
7102,432
7103,0
7104,0
7105,672
7106,960
7107,288
7108,288
7109,792
7110,960
7111,0
7112,480
7113,432
7114,792
7115,720
7116,240
7117,432
7118,816
7119,0
7120,96
7121,1248
7122,576
7123,240
7124,816
7125,1152
7126,432
7127,0
7128,408
7129,624
7130,864
7131,480
7132,0
7133,768
7134,768
7135,0
7136,384
7137,480
7138,672
7139,936
7140,384
7141,720
7142,600
7143,0
7144,240
7145,1152
7146,1512
7147,336
7148,168
7149,816
7150,720
7151,0
7152,0
7153,480
7154,1344
7155,384
7156,312
7157,1152
7158,528
7159,0
7160,624
7161,576
7162,360
7163,480
7164,0
7165,336
7166,1536
7167,0
7168,0
7169,912
7170,576
7171,480
7172,432
7173,1080
7174,720
7175,0
7176,384
7177,384
7178,1008
7179,528
7180,192
7181,1200
7182,768
7183,0
7184,240
7185,960
7186,432
7187,600
7188,288
7189,672
7190,1152
7191,0
7192,240
7193,960
7194,768
7195,384
7196,0
7197,384
7198,336
7199,0
7200,252
7201,816
7202,816
7203,392
7204,336
7205,768
7206,960
7207,0
7208,384
7209,1296
7210,384
7211,840
7212,192
7213,504
7214,1296
7215,0
7216,144
7217,672
7218,720
7219,360
7220,504
7221,672
7222,528
7223,0
7224,480
7225,510
7226,1224
7227,720
7228,0
7229,1704
7230,576
7231,0
7232,96
7233,432
7234,816
7235,528
7236,576
7237,552
7238,864
7239,0
7240,240
7241,1536
7242,480
7243,312
7244,552
7245,960
7246,528
7247,0
7248,144
7249,528
7250,1440
7251,816
7252,216
7253,744
7254,1008
7255,0
7256,552
7257,864
7258,432
7259,864
7260,0
7261,432
7262,864
7263,0
7264,168
7265,864
7266,1056
7267,312
7268,480
7269,576
7270,432
7271,0
7272,360
7273,480
7274,840
7275,480
7276,240
7277,960
7278,816
7279,0
7280,0
7281,1152
7282,288
7283,600
7284,432
7285,576
7286,1080
7287,0
7288,192
7289,1440
7290,1272
7291,288
7292,0
7293,576
7294,576
7295,0
7296,96
7297,528
7298,672
7299,840
7300,336
7301,1512
7302,528
7303,0
7304,672
7305,480
7306,912
7307,600
7308,288
7309,600
7310,1056
7311,0
7312,96
7313,672
7314,1152
7315,384
7316,480
7317,576
7318,504
7319,0
7320,288
7321,672
7322,816
7323,432
7324,0
7325,1512
7326,720
7327,0
7328,312
7329,1056
7330,432
7331,792
7332,288
7333,408
7334,1392
7335,0
7336,432
7337,768
7338,384
7339,432
7340,240
7341,768
7342,624
7343,0
7344,192
7345,384
7346,1536
7347,384
7348,288
7349,1320
7350,840
7351,0
7352,336
7353,720
7354,648
7355,864
7356,0
7357,384
7358,720
7359,0
7360,48
7361,1344
7362,1008
7363,240
7364,480
7365,672
7366,528
7367,0
7368,192
7369,672
7370,1440
7371,816
7372,144
7373,528
7374,1104
7375,0
7376,360
7377,720
7378,384
7379,672
7380,480
7381,792
7382,792
7383,0
7384,336
7385,864
7386,624
7387,240
7388,0
7389,1080
7390,624
7391,0
7392,96
7393,384
7394,1392
7395,384
7396,270
7397,864
7398,960
7399,0
7400,600
7401,816
7402,408
7403,528
7404,336
7405,672
7406,1104
7407,0
7408,0
7409,1632
7410,576
7411,600
7412,432
7413,672
7414,528
7415,0
7416,720
7417,288
7418,744
7419,576
7420,0
7421,1200
7422,624
7423,0
7424,72
7425,1344
7426,768
7427,672
7428,240
7429,480
7430,1104
7431,0
7432,240
7433,1248
7434,720
7435,240
7436,360
7437,768
7438,336
7439,0
7440,192
7441,480
7442,756
7443,504
7444,456
7445,768
7446,1248
7447,0
7448,504
7449,768
7450,504
7451,840
7452,0
7453,480
7454,1440
7455,0
7456,96
7457,816
7458,768
7459,360
7460,576
7461,1320
7462,480
7463,0
7464,384
7465,672
7466,1464
7467,480
7468,120
7469,1344
7470,720
7471,0
7472,168
7473,384
7474,624
7475,960
7476,480
7477,360
7478,840
7479,0
7480,192
7481,1392
7482,768
7483,240
7484,0
7485,576
7486,816
7487,0
7488,120
7489,864
7490,960
7491,384
7492,144
7493,912
7494,672
7495,0
7496,672
7497,1008
7498,480
7499,792
7500,296
7501,720
7502,1056
7503,0
7504,192
7505,960
7506,768
7507,264
7508,408
7509,816
7510,672
7511,0
7512,288
7513,432
7514,1224
7515,720
7516,0
7517,1128
7518,672
7519,0
7520,240
7521,864
7522,288
7523,840
7524,720
7525,480
7526,1296
7527,0
7528,216
7529,720
7530,864
7531,576
7532,336
7533,624
7534,432
7535,0
7536,0
7537,528
7538,720
7539,672
7540,192
7541,1176
7542,840
7543,0
7544,768
7545,864
7546,768
7547,360
7548,0
7549,840
7550,1008
7551,0
7552,72
7553,864
7554,864
7555,288
7556,864
7557,576
7558,408
7559,0
7560,384
7561,480
7562,720
7563,576
7564,240
7565,1536
7566,864
7567,0
7568,144
7569,870
7570,720
7571,432
7572,240
7573,456
7574,1440
7575,0
7576,360
7577,816
7578,936
7579,384
7580,0
7581,912
7582,384
7583,0
7584,240
7585,384
7586,1680
7587,576
7588,192
7589,1464
7590,576
7591,0
7592,336
7593,624
7594,696
7595,864
7596,360
7597,384
7598,1008
7599,0
7600,120
7601,1680
7602,480
7603,264
7604,504
7605,1080
7606,456
7607,0
7608,432
7609,576
7610,864
7611,480
7612,0
7613,576
7614,1632
7615,0
7616,0
7617,432
7618,528
7619,1104
7620,288
7621,792
7622,1200
7623,0
7624,240
7625,1152
7626,672
7627,240
7628,312
7629,1152
7630,480
7631,0
7632,216
7633,576
7634,1440
7635,480
7636,336
7637,720
7638,384
7639,0
7640,672
7641,1344
7642,408
7643,696
7644,0
7645,384
7646,960
7647,0
7648,96
7649,1392
7650,1200
7651,480
7652,432
7653,624
7654,624
7655,0
7656,576
7657,480
7658,1056
7659,720
7660,144
7661,1296
7662,432
7663,0
7664,0
7665,576
7666,768
7667,480
7668,384
7669,840
7670,1152
7671,0
7672,192
7673,672
7674,816
7675,504
7676,0
7677,600
7678,432
7679,0
7680,48
7681,528
7682,864
7683,288
7684,480
7685,1152
7686,1584
7687,0
7688,396
7689,960
7690,384
7691,1032
7692,240
7693,504
7694,912
7695,0
7696,192
7697,912
7698,480
7699,648
7700,672
7701,672
7702,408
7703,0
7704,360
7705,672
7706,1512
7707,384
7708,0
7709,1200
7710,1152
7711,0
7712,240
7713,1152
7714,480
7715,432
7716,336
7717,552
7718,816
7719,0
7720,240
7721,1344
7722,768
7723,216
7724,504
7725,720
7726,816
7727,0
7728,96
7729,528
7730,816
7731,840
7732,216
7733,960
7734,1104
7735,0
7736,624
7737,432
7738,432
7739,960
7740,0
7741,696
7742,864
7743,0
7744,78
7745,1248
7746,672
7747,384
7748,576
7749,1152
7750,576
7751,0
7752,384
7753,336
7754,1608
7755,384
7756,192
7757,600
7758,480
7759,0
7760,240
7761,1152
7762,624
7763,528
7764,288
7765,624
7766,1536
7767,0
7768,264
7769,1152
7770,768
7771,432
7772,0
7773,960
7774,720
7775,0
7776,312
7777,480
7778,624
7779,576
7780,192
7781,1104
7782,480
7783,0
7784,816
7785,960
7786,576
7787,672
7788,192
7789,504
7790,1440
7791,0
7792,0
7793,576
7794,1584
7795,384
7796,840
7797,480
7798,480
7799,0
7800,336
7801,864
7802,864
7803,608
7804,0
7805,1152
7806,624
7807,0
7808,120
7809,672
7810,672
7811,1008
7812,480
7813,288
7814,984
7815,0
7816,336
7817,1296
7818,624
7819,384
7820,288
7821,1152
7822,528
7823,0
7824,240
7825,672
7826,960
7827,432
7828,192
7829,1752
7830,768
7831,0
7832,384
7833,576
7834,552
7835,720
7836,0
7837,288
7838,1248
7839,0
7840,168
7841,1152
7842,576
7843,384
7844,384
7845,768
7846,696
7847,0
7848,360
7849,672
7850,1560
7851,480
7852,144
7853,1272
7854,960
7855,0
7856,216
7857,816
7858,336
7859,816
7860,480
7861,624
7862,936
7863,0
7864,432
7865,1056
7866,1200
7867,264
7868,0
7869,864
7870,336
7871,0
7872,48
7873,528
7874,1440
7875,864
7876,240
7877,744
7878,672
7879,0
7880,624
7881,1152
7882,528
7883,408
7884,384
7885,480
7886,1104
7887,0
7888,144
7889,1536
7890,576
7891,288
7892,504
7893,600
7894,792
7895,0
7896,384
7897,480
7898,576
7899,528
7900,0
7901,1512
7902,720
7903,0
7904,336
7905,576
7906,864
7907,504
7908,432
7909,720
7910,672
7911,0
7912,144
7913,864
7914,864
7915,336
7916,552
7917,768
7918,432
7919,0
7920,0
7921,534
7922,1248
7923,384
7924,240
7925,840
7926,1056
7927,0
7928,288
7929,1440
7930,672
7931,1056
7932,0
7933,456
7934,1536
7935,0
7936,0
7937,1104
7938,972
7939,480
7940,480
7941,1104
7942,456
7943,0
7944,576
7945,480
7946,1104
7947,360
7948,168
7949,1128
7950,1008
7951,0
7952,288
7953,480
7954,576
7955,1056
7956,576
7957,576
7958,960
7959,0
7960,288
7961,912
7962,528
7963,312
7964,0
7965,1152
7966,768
7967,0
7968,96
7969,768
7970,912
7971,720
7972,288
7973,960
7974,1080
7975,0
7976,648
7977,432
7978,504
7979,1056
7980,192
7981,672
7982,1008
7983,0
7984,72
7985,1248
7986,1152
7987,216
7988,504
7989,576
7990,480
7991,0
7992,576
7993,528
7994,1632
7995,384
7996,0
7997,816
7998,576
7999,0
8000,144
8001,960
8002,288
8003,624
8004,576
8005,576
8006,1128
8007,0
8008,192
8009,1344
8010,864
8011,600
8012,216
8013,624
8014,720
8015,0
8016,192
8017,336
8018,1248
8019,648
8020,384
8021,1680
8022,480
8023,0
8024,576
8025,1200
8026,744
8027,672
8028,0
8029,480
8030,960
8031,0
8032,168
8033,768
8034,864
8035,336
8036,672
8037,1008
8038,408
8039,0
8040,384
8041,672
8042,936
8043,384
8044,168
8045,768
8046,1344
8047,0
8048,0
8049,1200
8050,672
8051,816
8052,192
8053,360
8054,1080
8055,0
8056,432
8057,1056
8058,480
8059,504
8060,0
8061,672
8062,432
8063,0
8064,144
8065,384
8066,1104
8067,480
8068,144
8069,1848
8070,960
8071,0
8072,336
8073,768
8074,816
8075,672
8076,384
8077,480
8078,864
8079,0
8080,96
8081,1344
8082,720
8083,384
8084,816
8085,864
8086,480
8087,0
8088,288
8089,480
8090,1344
8091,1008
8092,0
8093,936
8094,768
8095,0
8096,336
8097,624
8098,480
8099,672
8100,510
8101,456
8102,1176
8103,0
8104,408
8105,864
8106,960
8107,312
8108,264
8109,1440
8110,432
8111,0
8112,104
8113,672
8114,1152
8115,576
8116,408
8117,888
8118,1008
8119,0
8120,480
8121,720
8122,384
8123,504
8124,0
8125,888
8126,1920
8127,0
8128,0
8129,1200
8130,672
8131,288
8132,336
8133,576
8134,840
8135,0
8136,480
8137,480
8138,576
8139,864
8140,192
8141,1344
8142,576
8143,0
8144,360
8145,864
8146,720
8147,888
8148,288
8149,576
8150,1320
8151,0
8152,216
8153,1152
8154,1344
8155,288
8156,0
8157,432
8158,480
8159,0
8160,192
8161,1056
8162,768
8163,360
8164,384
8165,1248
8166,624
8167,0
8168,600
8169,960
8170,480
8171,504
8172,360
8173,480
8174,1392
8175,0
8176,0
8177,768
8178,576
8179,600
8180,576
8181,1512
8182,504
8183,0
8184,384
8185,384
8186,1800
8187,336
8188,0
8189,1344
8190,960
8191,0
8192,12
8193,624
8194,576
8195,768
8196,432
8197,384
8198,792
8199,0
8200,336
8201,1200
8202,960
8203,432
8204,432
8205,576
8206,528
8207,0
8208,192
8209,672
8210,1200
8211,576
8212,216
8213,960
8214,936
8215,0
8216,864
8217,720
8218,432
8219,840
8220,0
8221,744
8222,576
8223,0
8224,192
8225,1440
8226,1296
8227,240
8228,528
8229,576
8230,912
8231,0
8232,384
8233,336
8234,864
8235,768
8236,192
8237,936
8238,624
8239,0
8240,144
8241,1152
8242,432
8243,504
8244,600
8245,864
8246,1536
8247,0
8248,144
8249,1824
8250,576
8251,480
8252,0
8253,720
8254,576
8255,0
8256,144
8257,384
8258,1392
8259,720
8260,288
8261,1296
8262,624
8263,0
8264,672
8265,576
8266,552
8267,720
8268,192
8269,648
8270,1008
8271,0
8272,144
8273,768
8274,864
8275,360
8276,456
8277,864
8278,552
8279,0
8280,720
8281,702
8282,720
8283,384
8284,0
8285,1104
8286,720
8287,0
8288,192
8289,960
8290,528
8291,1128
8292,240
8293,552
8294,1728
8295,0
8296,240
8297,864
8298,1080
8299,384
8300,504
8301,1008
8302,480
8303,0
8304,0
8305,576
8306,1056
8307,720
8308,192
8309,960
8310,576
8311,0
8312,480
8313,576
8314,744
8315,912
8316,0
8317,408
8318,960
8319,0
8320,48
8321,1728
8322,768
8323,288
8324,720
8325,840
8326,720
8327,0
8328,288
8329,960
8330,1296
8331,432
8332,168
8333,960
8334,1440
8335,0
8336,384
8337,672
8338,384
8339,624
8340,384
8341,480
8342,864
8343,0
8344,288
8345,1248
8346,960
8347,288
8348,0
8349,1248
8350,720
8351,0
8352,120
8353,336
8354,1440
8355,480
8356,528
8357,864
8358,576
8359,0
8360,576
8361,1296
8362,528
8363,840
8364,288
8365,480
8366,1344
8367,0
8368,120
8369,1152
8370,1152
8371,528
8372,480
8373,720
8374,528
8375,0
8376,336
8377,576
8378,912
8379,840
8380,0
8381,1368
8382,864
8383,0
8384,120
8385,768
8386,576
8387,504
8388,432
8389,1080
8390,864
8391,0
8392,288
8393,768
8394,816
8395,288
8396,456
8397,768
8398,384
8399,0
8400,240
8401,672
8402,768
8403,432
8404,240
8405,984
8406,1560
8407,0
8408,312
8409,624
8410,744
8411,960
8412,0
8413,528
8414,1728
8415,0
8416,144
8417,1200
8418,384
8419,456
8420,576
8421,864
8422,312
8423,0
8424,648
8425,672
8426,1296
8427,440
8428,216
8429,840
8430,672
8431,0
8432,0
8433,1200
8434,864
8435,672
8436,480
8437,384
8438,1128
8439,0
8440,336
8441,1440
8442,576
8443,264
8444,0
8445,960
8446,576
8447,0
8448,48
8449,576
8450,1260
8451,768
8452,192
8453,624
8454,1200
8455,0
8456,672
8457,432
8458,360
8459,1008
8460,240
8461,744
8462,1200
8463,0
8464,150
8465,960
8466,1152
8467,360
8468,432
8469,1656
8470,624
8471,0
8472,240
8473,480
8474,1248
8475,720
8476,0
8477,1176
8478,576
8479,0
8480,336
8481,672
8482,432
8483,720
8484,480
8485,432
8486,1224
8487,0
8488,216
8489,1728
8490,768
8491,480
8492,336
8493,576
8494,672
8495,0
8496,216
8497,384
8498,1152
8499,576
8500,288
8501,1800
8502,480
8503,0
8504,720
8505,1248
8506,648
8507,432
8508,0
8509,624
8510,1152
8511,0
8512,48
8513,720
8514,960
8515,384
8516,672
8517,672
8518,504
8519,0
8520,384
8521,672
8522,1080
8523,360
8524,312
8525,1680
8526,1008
8527,0
8528,144
8529,912
8530,432
8531,1200
8532,576
8533,576
8534,864
8535,0
8536,384
8537,720
8538,912
8539,408
8540,0
8541,720
8542,480
8543,0
8544,240
8545,480
8546,1728
8547,384
8548,192
8549,1344
8550,1512
8551,0
8552,504
8553,912
8554,768
8555,768
8556,192
8557,480
8558,624
8559,0
8560,0
8561,1056
8562,480
8563,216
8564,936
8565,576
8566,888
8567,0
8568,480
8569,576
8570,816
8571,864
8572,0
8573,888
8574,624
8575,0
8576,168
8577,1152
8578,384
8579,1008
8580,384
8581,744
8582,768
8583,0
8584,336
8585,1152
8586,1224
8587,432
8588,336
8589,1056
8590,624
8591,0
8592,144
8593,480
8594,1632
8595,480
8596,336
8597,744
8598,624
8599,0
8600,600
8601,1152
8602,672
8603,576
8604,0
8605,384
8606,1584
8607,0
8608,120
8609,1920
8610,960
8611,336
8612,384
8613,768
8614,528
8615,0
8616,480
8617,480
8618,816
8619,624
8620,288
8621,1344
8622,960
8623,0
8624,216
8625,576
8626,576
8627,504
8628,288
8629,744
8630,1296
8631,0
8632,240
8633,768
8634,1056
8635,384
8636,0
8637,768
8638,384
8639,0
8640,0
8641,912
8642,1008
8643,384
8644,432
8645,1344
8646,960
8647,0
8648,672
8649,990
8650,600
8651,912
8652,192
8653,384
8654,1296
8655,0
8656,120
8657,1104
8658,1008
8659,528
8660,336
8661,816
8662,528
8663,0
8664,504
8665,576
8666,1200
8667,648
8668,0
8669,1416
8670,816
8671,0
8672,288
8673,432
8674,720
8675,840
8676,720
8677,360
8678,1224
8679,0
8680,192
8681,1248
8682,432
8683,384
8684,336
8685,1584
8686,1008
8687,0
8688,0
8689,528
8690,960
8691,624
8692,240
8693,1224
8694,1152
8695,0
8696,768
8697,672
8698,360
8699,840
8700,0
8701,768
8702,624
8703,0
8704,48
8705,1056
8706,1152
8707,360
8708,480
8709,864
8710,384
8711,0
8712,396
8713,528
8714,1896
8715,384
8716,168
8717,816
8718,528
8719,0
8720,384
8721,1152
8722,672
8723,672
8724,432
8725,840
8726,888
8727,0
8728,264
8729,1536
8730,720
8731,408
8732,0
8733,672
8734,912
8735,0
8736,288
8737,432
8738,768
8739,1080
8740,288
8741,1512
8742,864
8743,0
8744,504
8745,576
8746,648
8747,504
8748,320
8749,576
8750,1200
8751,0
8752,72
8753,1392
8754,864
8755,480
8756,720
8757,720
8758,480
8759,0
8760,288
8761,624
8762,1344
8763,576
8764,0
8765,912
8766,1296
8767,0
8768,96
8769,1056
8770,528
8771,1080
8772,288
8773,480
8774,2016
8775,0
8776,384
8777,1008
8778,576
8779,360
8780,384
8781,960
8782,336
8783,0
8784,360
8785,672
8786,1248
8787,288
8788,336
8789,1056
8790,768
8791,0
8792,432
8793,720
8794,504
8795,768
8796,0
8797,720
8798,912
8799,0
8800,168
8801,864
8802,1152
8803,216
8804,768
8805,960
8806,672
8807,0
8808,240
8809,768
8810,1248
8811,960
8812,120
8813,816
8814,672
8815,0
8816,0
8817,624
8818,576
8819,1176
8820,504
8821,552
8822,768
8823,0
8824,384
8825,1344
8826,1008
8827,288
8828,0
8829,1224
8830,816
8831,0
8832,96
8833,528
8834,1152
8835,384
8836,294
8837,936
8838,600
8839,0
8840,672
8841,1152
8842,312
8843,624
8844,384
8845,384
8846,1680
8847,0
8848,96
8849,1392
8850,960
8851,528
8852,504
8853,576
8854,960
8855,0
8856,576
8857,480
8858,1008
8859,384
8860,0
8861,1656
8862,672
8863,0
8864,264
8865,1440
8866,672
8867,648
8868,336
8869,840
8870,1008
8871,0
8872,312
8873,720
8874,1584
8875,576
8876,576
8877,480
8878,384
8879,0
8880,96
8881,720
8882,912
8883,768
8884,216
8885,816
8886,720
8887,0
8888,624
8889,1200
8890,576
8891,768
8892,0
8893,552
8894,1152
8895,0
8896,72
8897,768
8898,480
8899,336
8900,720
8901,1296
8902,552
8903,0
8904,480
8905,576
8906,1632
8907,528
8908,144
8909,1920
8910,1296
8911,0
8912,216
8913,432
8914,768
8915,528
8916,576
8917,528
8918,1152
8919,0
8920,240
8921,1968
8922,480
8923,456
8924,0
8925,672
8926,576
8927,0
8928,288
8929,720
8930,1056
8931,768
8932,192
8933,840
8934,960
8935,0
8936,408
8937,576
8938,624
8939,912
8940,288
8941,696
8942,1152
8943,0
8944,0
8945,1632
8946,960
8947,240
8948,360
8949,960
8950,504
8951,0
8952,336
8953,480
8954,1320
8955,576
8956,0
8957,936
8958,720
8959,0
8960,48
8961,1152
8962,384
8963,696
8964,576
8965,480
8966,1512
8967,0
8968,192
8969,1008
8970,960
8971,456
8972,360
8973,840
8974,768
8975,0
8976,192
8977,480
8978,804
8979,576
8980,384
8981,1440
8982,936
8983,0
8984,936
8985,576
8986,984
8987,768
8988,0
8989,720
8990,864
8991,0
8992,96
8993,1104
8994,1056
8995,480
8996,480
8997,672
8998,432
8999,0
9000,720
9001,720
9002,816
9003,288
9004,168
9005,1440
9006,1056
9007,0
9008,216
9009,1440
9010,480
9011,792
9012,432
9013,360
9014,1656
9015,0
9016,432
9017,672
9018,768
9019,720
9020,0
9021,1152
9022,432
9023,0
9024,96
9025,630
9026,1920
9027,480
9028,288
9029,1368
9030,576
9031,0
9032,336
9033,720
9034,456
9035,960
9036,504
9037,432
9038,1104
9039,0
9040,144
9041,1008
9042,576
9043,360
9044,864
9045,768
9046,504
9047,0
9048,288
9049,864
9050,1512
9051,480
9052,0
9053,912
9054,1200
9055,0
9056,360
9057,816
9058,480
9059,936
9060,384
9061,864
9062,960
9063,0
9064,432
9065,1344
9066,672
9067,216
9068,264
9069,864
9070,816
9071,0
9072,0
9073,432
9074,1296
9075,728
9076,360
9077,1440
9078,672
9079,0
9080,336
9081,1200
9082,624
9083,576
9084,0
9085,576
9086,1632
9087,0
9088,48
9089,1056
9090,1008
9091,504
9092,576
9093,672
9094,648
9095,0
9096,672
9097,432
9098,696
9099,1152
9100,240
9101,1200
9102,480
9103,0
9104,384
9105,864
9106,720
9107,624
9108,240
9109,648
9110,1632
9111,0
9112,288
9113,1152
9114,1296
9115,336
9116,0
9117,936
9118,384
9119,0
9120,192
9121,576
9122,816
9123,432
9124,240
9125,1440
9126,1440
9127,0
9128,480
9129,1056
9130,576
9131,960
9132,144
9133,456
9134,1296
9135,0
9136,120
9137,672
9138,1056
9139,288
9140,720
9141,1152
9142,576
9143,0
9144,576
9145,576
9146,912
9147,480
9148,0
9149,1584
9150,720
9151,0
9152,0
9153,864
9154,864
9155,864
9156,384
9157,312
9158,816
9159,0
9160,240
9161,1728
9162,1080
9163,336
9164,432
9165,768
9166,816
9167,0
9168,192
9169,960
9170,1056
9171,936
9172,168
9173,1128
9174,672
9175,0
9176,912
9177,576
9178,336
9179,912
9180,0
9181,552
9182,1344
9183,0
9184,192
9185,864
9186,576
9187,504
9188,480
9189,1320
9190,480
9191,0
9192,384
9193,384
9194,1512
9195,480
9196,264
9197,1008
9198,1152
9199,0
9200,0
9201,1008
9202,384
9203,744
9204,576
9205,576
9206,1512
9207,0
9208,192
9209,1296
9210,960
9211,432
9212,0
9213,576
9214,768
9215,0
9216,30
9217,672
9218,1248
9219,384
9220,288
9221,1176
9222,768
9223,0
9224,768
9225,1440
9226,672
9227,600
9228,192
9229,1008
9230,1056
9231,0
9232,96
9233,1056
9234,1248
9235,336
9236,792
9237,528
9238,480
9239,0
9240,384
9241,432
9242,936
9243,480
9244,0
9245,1032
9246,1440
9247,0
9248,204
9249,624
9250,864
9251,744
9252,576
9253,672
9254,816
9255,0
9256,336
9257,1440
9258,528
9259,576
9260,432
9261,1536
9262,336
9263,0
9264,192
9265,576
9266,1728
9267,528
9268,288
9269,1344
9270,720
9271,0
9272,432
9273,768
9274,888
9275,960
9276,0
9277,312
9278,960
9279,0
9280,96
9281,1920
9282,576
9283,264
9284,720
9285,768
9286,936
9287,0
9288,384
9289,480
9290,1248
9291,768
9292,192
9293,600
9294,1200
9295,0
9296,336
9297,720
9298,432
9299,1200
9300,336
9301,768
9302,984
9303,0
9304,264
9305,1056
9306,1584
9307,240
9308,0
9309,1056
9310,432
9311,0
9312,192
9313,624
9314,1344
9315,816
9316,384
9317,1152
9318,624
9319,0
9320,720
9321,672
9322,528
9323,696
9324,480
9325,840
9326,816
9327,0
9328,0
9329,1584
9330,960
9331,480
9332,408
9333,720
9334,1008
9335,0
9336,528
9337,624
9338,960
9339,480
9340,0
9341,1656
9342,576
9343,0
9344,192
9345,768
9346,720
9347,576
9348,384
9349,648
9350,1680
9351,0
9352,288
9353,672
9354,672
9355,288
9356,456
9357,864
9358,720
9359,0
9360,288
9361,672
9362,864
9363,480
9364,360
9365,1104
9366,960
9367,0
9368,504
9369,1728
9370,432
9371,1176
9372,0
9373,384
9374,1296
9375,0
9376,216
9377,768
9378,720
9379,576
9380,672
9381,672
9382,552
9383,0
9384,288
9385,864
9386,1512
9387,576
9388,120
9389,1584
9390,864
9391,0
9392,168
9393,768
9394,768
9395,576
9396,648
9397,504
9398,864
9399,0
9400,480
9401,1536
9402,528
9403,264
9404,0
9405,960
9406,576
9407,0
9408,56
9409,582
9410,816
9411,720
9412,192
9413,1224
9414,1512
9415,0
9416,672
9417,480
9418,624
9419,840
9420,288
9421,792
9422,1152
9423,0
9424,192
9425,1344
9426,1152
9427,336
9428,504
9429,1056
9430,384
9431,0
9432,360
9433,384
9434,2016
9435,768
9436,0
9437,1080
9438,624
9439,0
9440,240
9441,1584
9442,480
9443,480
9444,432
9445,576
9446,1704
9447,0
9448,312
9449,1392
9450,1344
9451,576
9452,240
9453,672
9454,624
9455,0
9456,0
9457,432
9458,816
9459,600
9460,384
9461,1368
9462,672
9463,0
9464,624
9465,576
9466,456
9467,984
9468,0
9469,576
9470,1680
9471,0
9472,24
9473,960
9474,1152
9475,360
9476,864
9477,1272
9478,624
9479,0
9480,288
9481,1008
9482,864
9483,384
9484,312
9485,768
9486,960
9487,0
9488,288
9489,1008
9490,768
9491,1080
9492,288
9493,432
9494,1344
9495,0
9496,264
9497,864
9498,576
9499,672
9500,0
9501,672
9502,576
9503,0
9504,384
9505,576
9506,1680
9507,384
9508,192
9509,1296
9510,768
9511,0
9512,720
9513,960
9514,624
9515,672
9516,384
9517,480
9518,1008
9519,0
9520,96
9521,1536
9522,900
9523,288
9524,456
9525,1200
9526,576
9527,0
9528,336
9529,672
9530,1200
9531,576
9532,0
9533,1464
9534,960
9535,0
9536,168
9537,816
9538,384
9539,1320
9540,480
9541,864
9542,672
9543,0
9544,384
9545,1248
9546,1248
9547,312
9548,288
9549,936
9550,672
9551,0
9552,144
9553,480
9554,1920
9555,672
9556,408
9557,624
9558,1224
9559,0
9560,576
9561,1008
9562,384
9563,432
9564,0
9565,912
9566,1152
9567,0
9568,96
9569,1824
9570,576
9571,480
9572,720
9573,480
9574,648
9575,0
9576,720
9577,384
9578,1032
9579,768
9580,192
9581,1344
9582,720
9583,0
9584,0
9585,768
9586,816
9587,552
9588,384
9589,960
9590,1440
9591,0
9592,240
9593,960
9594,1200
9595,384
9596,0
9597,576
9598,480
9599,0
9600,120
9601,576
9602,1056
9603,864
9604,390
9605,1056
9606,816
9607,0
9608,480
9609,1200
9610,792
9611,1056
9612,192
9613,504
9614,1536
9615,0
9616,240
9617,1104
9618,480
9619,456
9620,480
9621,1800
9622,432
9623,0
9624,720
9625,576
9626,1080
9627,432
9628,0
9629,1320
9630,1296
9631,0
9632,288
9633,720
9634,672
9635,1056
9636,480
9637,624
9638,912
9639,0
9640,192
9641,1152
9642,672
9643,264
9644,552
9645,768
9646,672
9647,0
9648,120
9649,672
9650,1200
9651,672
9652,288
9653,1080
9654,1056
9655,0
9656,864
9657,864
9658,672
9659,912
9660,0
9661,456
9662,768
9663,0
9664,0
9665,1536
9666,1536
9667,288
9668,432
9669,768
9670,528
9671,0
9672,288
9673,576
9674,1392
9675,840
9676,192
9677,1176
9678,432
9679,0
9680,312
9681,1056
9682,576
9683,432
9684,792
9685,480
9686,2016
9687,0
9688,240
9689,1248
9690,768
9691,480
9692,0
9693,1152
9694,912
9695,0
9696,144
9697,480
9698,1392
9699,672
9700,336
9701,1824
9702,1080
9703,0
9704,648
9705,864
9706,576
9707,624
9708,336
9709,864
9710,1008
9711,0
9712,0
9713,624
9714,960
9715,576
9716,672
9717,480
9718,336
9719,0
9720,624
9721,1104
9722,1032
9723,576
9724,0
9725,1320
9726,1296
9727,0
9728,72
9729,960
9730,480
9731,768
9732,240
9733,504
9734,1344
9735,0
9736,384
9737,1056
9738,792
9739,312
9740,528
9741,960
9742,528
9743,0
9744,192
9745,576
9746,1440
9747,608
9748,216
9749,1944
9750,1152
9751,0
9752,336
9753,528
9754,840
9755,480
9756,0
9757,672
9758,768
9759,0
9760,144
9761,1392
9762,576
9763,384
9764,912
9765,1152
9766,720
9767,0
9768,384
9769,624
9770,1008
9771,624
9772,144
9773,912
9774,1344
9775,0
9776,240
9777,720
9778,624
9779,1152
9780,384
9781,600
9782,864
9783,0
9784,336
9785,1440
9786,1056
9787,264
9788,0
9789,1344
9790,576
9791,0
9792,144
9793,480
9794,1248
9795,480
9796,480
9797,768
9798,960
9799,0
9800,756
9801,1326
9802,360
9803,888
9804,192
9805,672
9806,1680
9807,0
9808,120
9809,1536
9810,720
9811,504
9812,624
9813,528
9814,768
9815,0
9816,384
9817,576
9818,1176
9819,1224
9820,0
9821,960
9822,720
9823,0
9824,408
9825,1008
9826,864
9827,672
9828,384
9829,504
9830,1200
9831,0
9832,216
9833,1248
9834,960
9835,384
9836,456
9837,600
9838,624
9839,0
9840,0
9841,1056
9842,1248
9843,288
9844,432
9845,1536
9846,936
9847,0
9848,384
9849,1008
9850,600
9851,1080
9852,0
9853,432
9854,1776
9855,0
9856,96
9857,720
9858,672
9859,504
9860,384
9861,1152
9862,504
9863,0
9864,720
9865,384
9866,1848
9867,384
9868,168
9869,1968
9870,576
9871,0
9872,144
9873,1296
9874,576
9875,1152
9876,624
9877,480
9878,672
9879,0
9880,384
9881,1344
9882,1080
9883,408
9884,0
9885,672
9886,672
9887,0
9888,144
9889,864
9890,1632
9891,720
9892,240
9893,816
9894,1056
9895,0
9896,936
9897,816
9898,504
9899,720
9900,360
9901,744
9902,1200
9903,0
9904,120
9905,1056
9906,672
9907,360
9908,456
9909,1344
9910,864
9911,0
9912,384
9913,480
9914,936
9915,576
9916,0
9917,1104
9918,1200
9919,0
9920,96
9921,720
9922,624
9923,600
9924,624
9925,504
9926,1344
9927,0
9928,288
9929,1824
9930,768
9931,552
9932,480
9933,576
9934,432
9935,0
9936,384
9937,336
9938,720
9939,672
9940,288
9941,1608
9942,480
9943,0
9944,672
9945,960
9946,1128
9947,768
9948,0
9949,600
9950,1680
9951,0
9952,144
9953,1056
9954,1728
9955,384
9956,528
9957,912
9958,432
9959,0
9960,384
9961,768
9962,1056
9963,624
9964,288
9965,816
9966,1248
9967,0
9968,0
9969,720
9970,528
9971,1080
9972,360
9973,552
9974,2040
9975,0
9976,240
9977,912
9978,720
9979,480
9980,0
9981,1800
9982,384
9983,0
9984,0
9985,768
9986,768
9987,624
9988,336
9989,1296
9990,768
9991,0
9992,480
9993,624
9994,1104
9995,960
9996,432
9997,432
9998,816
9999,0
10000,150
